reference_global,reference_detail,ad_title,ad_url,marque,modele,ram,stockage,couleur,options,shop,ad_stocks,ad_price,date_scrapy
nokia-c01plus4g,nokia-c01plus4g-1go-16gb-blue,Smartphone NOKIA C01 Plus 4G 1Go 16Go - Bleu,https://www.mytek.tn/smartphone-nokia-c01-plus-4g-1go-16go-bleu.html,nokia,c01 plus 4g,1go,16gb,blue,,mytek,INSTOCK,149.000,2024-06-18
nokia-c22emeedition,nokia-c22emeedition-2go-32gb-blue,Smartphone NOKIA C2 2ème Édition 2Go 32Go - Bleu,https://www.mytek.tn/smartphone-nokia-c2-2eme-edition-2go-32go-bleu.html,nokia,c2 2eme edition,2go,32gb,blue,,mytek,INSTOCK,179.000,2024-06-18
nokia-c22emeedition,nokia-c22emeedition-2go-32gb-grey,Smartphone NOKIA C2 2ème Édition 2Go 32Go - Gris,https://www.mytek.tn/smartphone-nokia-c2-2eme-edition-2go-32go-gris.html,nokia,c2 2eme edition,2go,32gb,grey,,mytek,INSTOCK,179.000,2024-06-18
itel-a18,itel-a18-1go-32gb-blue,Smartphone ITEL A18 1Go 32Go - Bleu,https://www.mytek.tn/smartphone-itel-a18-1go-32go-bleu.html,itel,a18,1go,32gb,blue,,mytek,INSTOCK,189.000,2024-06-18
kxd-a1,kxd-a1-1go-16gb-blue,Smartphone KXD A1 1Go 16Go - Bleu,https://www.mytek.tn/smartphone-kxd-a1-1go-16go-bleu.html,kxd,a1,1go,16gb,blue,,mytek,INSTOCK,189.000,2024-06-18
itel-a18,itel-a18-1go-32gb-green,Smartphone ITEL A18 1Go 32Go - Vert,https://www.mytek.tn/smartphone-itel-a18-1go-32go-vert.html,itel,a18,1go,32gb,green,,mytek,INSTOCK,189.000,2024-06-18
iku-a7plus,iku-a7plus-2go-16gb-green,Smartphone IKU A7 Plus 2Go 16Go - Vert,https://www.mytek.tn/smartphone-iku-a7-plus-2go-16go-vert.html,iku,a7 plus,2go,16gb,green,,mytek,INSTOCK,199.000,2024-06-18
iku-a7plus,iku-a7plus-2go-16gb-grey,Smartphone IKU A7 Plus 2Go 16Go - Gris,https://www.mytek.tn/smartphone-iku-a7-plus-2go-16go-gris.html,iku,a7 plus,2go,16gb,grey,,mytek,INSTOCK,199.000,2024-06-18
iku-a7plus,iku-a7plus-2go-16gb-blue,Smartphone IKU A7 Plus 2Go 16Go - Bleu,https://www.mytek.tn/smartphone-iku-a7-plus-2go-16go-bleu.html,iku,a7 plus,2go,16gb,blue,,mytek,INSTOCK,199.000,2024-06-18
evertek-m20smini,evertek-m20smini-1go-16gb-red,Smartphone EVERTEK M20S Mini 1Go 16Go - Rouge,https://www.mytek.tn/smartphone-evertek-m20s-mini-1go-16go-rouge.html,evertek,m20s mini,1go,16gb,red,,mytek,INSTOCK,209.000,2024-06-18
evertek-m20smini,evertek-m20smini-1go-16gb-green,Smartphone EVERTEK M20S Mini 1Go 16Go - Vert,https://www.mytek.tn/smartphone-evertek-m20s-mini-1go-16go-vert.html,evertek,m20s mini,1go,16gb,green,,mytek,INSTOCK,209.000,2024-06-18
iku-a23,iku-a23-2go-32gb-grey,Smartphone IKU A23 2Go 32Go - Gris,https://www.mytek.tn/smartphone-iku-a23-2go-32go-gris.html,iku,a23,2go,32gb,grey,,mytek,INSTOCK,239.000,2024-06-18
iku-a23,iku-a23-2go-32gb-red,Smartphone IKU A23 2Go 32Go - Rouge,https://www.mytek.tn/smartphone-iku-a23-2go-32go-rouge.html,iku,a23,2go,32gb,red,,mytek,INSTOCK,239.000,2024-06-18
iku-a23,iku-a23-2go-32gb-green,Smartphone IKU A23 2Go 32Go - Vert,https://www.mytek.tn/smartphone-iku-a23-2go-32go-vert.html,iku,a23,2go,32gb,green,,mytek,INSTOCK,239.000,2024-06-18
nokia-c12,nokia-c12-2go-64gb-black,Smartphone NOKIA C12 2Go 64Go - Noir,https://www.mytek.tn/smartphone-nokia-c12-2go-64go-noir.html,nokia,c12,2go,64gb,black,,mytek,INSTOCK,249.000,2024-06-18
nokia-c12,nokia-c12-2go-64gb-green,Smartphone NOKIA C12 2Go 64Go - Vert,https://www.mytek.tn/smartphone-nokia-c12-2go-64go-vert.html,nokia,c12,2go,64gb,green,,mytek,INSTOCK,249.000,2024-06-18
iku-x5,iku-x5-3go-32gb-red,Smartphone IKU X5 3Go 32Go - Rouge,https://www.mytek.tn/smartphone-iku-x5-3go-32go-rouge.html,iku,x5,3go,32gb,red,,mytek,INSTOCK,259.000,2024-06-18
iku-a10s,iku-a10s-4go-32gb-brown,Smartphone IKU A10s 4Go 32Go - Marron ,https://www.mytek.tn/smartphone-iku-a10s-4go-32go-marron.html,iku,a10s,4go,32gb,brown,,mytek,INSTOCK,259.000,2024-06-18
el-d68,el-d68-3go-32gb-green,Smartphone EL D68 3Go 32Go - Vert,https://www.mytek.tn/smartphone-el-d68-3go-32go-vert.html,el,d68,3go,32gb,green,,mytek,INSTOCK,269.000,2024-06-18
xiaomi-redmia2,xiaomi-redmia2-2go-32gb-black,Smartphone XIAOMI Redmi A2+ 2Go 32Go - Noir,https://www.mytek.tn/smartphone-xiaomi-redmi-a2-plus-2go-32go-noir.html,xiaomi,redmi a2,2go,32gb,black,,mytek,INSTOCK,269.000,2024-06-18
infinix-smart7hd,infinix-smart7hd-2go-64gb-green,Smartphone INFINIX SMART 7 HD 2Go 64Go - Vert,https://www.mytek.tn/smartphone-infinix-smart-7-hd-2go-64go-vert.html,infinix,smart 7 hd,2go,64gb,green,,mytek,INSTOCK,279.000,2024-06-18
infinix-smart7hd,infinix-smart7hd-2go-64gb-blue,Smartphone INFINIX SMART 7 HD 2Go 64Go - Bleu,https://www.mytek.tn/smartphone-infinix-smart-7-hd-2go-64go-bleu.html,infinix,smart 7 hd,2go,64gb,blue,,mytek,INSTOCK,279.000,2024-06-18
infinix-smart7hd,infinix-smart7hd-2go-64gb-white,Smartphone INFINIX SMART 7 HD 2Go 64Go - Blanc,https://www.mytek.tn/smartphone-infinix-smart-7-hd-2go-64go-blanc.html,infinix,smart 7 hd,2go,64gb,white,,mytek,INSTOCK,279.000,2024-06-18
infinix-smart7hd,infinix-smart7hd-2go-64gb-black,Smartphone INFINIX SMART 7 HD 2Go 64Go - Noir,https://www.mytek.tn/smartphone-infinix-smart-7-hd-2go-64go-noir.html,infinix,smart 7 hd,2go,64gb,black,,mytek,INSTOCK,279.000,2024-06-18
iku-a12,iku-a12-4go-64gb-white,Smartphone IKU A12 4Go 64Go - Blanc,https://www.mytek.tn/smartphone-iku-a12-4go-64go-blanc.html,iku,a12,4go,64gb,white,,mytek,INSTOCK,279.000,2024-06-18
iku-a12,iku-a12-4go-64gb-grey,Smartphone IKU A12 4Go 64Go - Gris,https://www.mytek.tn/smartphone-iku-a12-4go-64go-gris.html,iku,a12,4go,64gb,grey,,mytek,INSTOCK,279.000,2024-06-18
kxd-d70,kxd-d70-2go-32gb-black,Smartphone KXD D70 2Go 32Go - Noir,https://www.mytek.tn/smartphone-kxd-d70-2go-32go-noir.html,kxd,d70,2go,32gb,black,,mytek,INSTOCK,279.000,2024-06-18
kxd-d70,kxd-d70-2go-32gb-blue,Smartphone KXD D70 2Go 32Go - Bleu,https://www.mytek.tn/smartphone-kxd-d70-2go-32go-bleu.html,kxd,d70,2go,32gb,blue,,mytek,INSTOCK,279.000,2024-06-18
kxd-d70,kxd-d70-2go-32gb-grey,Smartphone KXD D70 2Go 32Go - Gris,https://www.mytek.tn/smartphone-kxd-d70-2go-32go-gris.html,kxd,d70,2go,32gb,grey,,mytek,INSTOCK,279.000,2024-06-18
itel-a60s,itel-a60s-2go-64gb-black,Smartphone ITEL A60s 2Go 64Go - Noir,https://www.mytek.tn/smartphone-itel-a60s-4go-64go-noir.html,itel,a60s,2go,64gb,black,,mytek,INSTOCK,279.000,2024-06-18
itel-awesomea70,itel-awesomea70-3go-64gb-black,Smartphone ITEL AWESOME A70 3Go 64Go - Noir,https://www.mytek.tn/smartphone-itel-awesome-a70-3go-64go-noir.html,itel,awesome a70,3go,64gb,black,,mytek,INSTOCK,285.000,2024-06-18
itel-awesomea70,itel-awesomea70-3go-64gb-gold,Smartphone ITEL AWESOME A70 3Go 64Go - Gold,https://www.mytek.tn/smartphone-itel-awesome-a70-3go-64go-gold.html,itel,awesome a70,3go,64gb,gold,,mytek,INSTOCK,285.000,2024-06-18
itel-awesomea70,itel-awesomea70-3go-64gb-green,Smartphone ITEL AWESOME A70 3Go 64Go - Vert,https://www.mytek.tn/smartphone-itel-awesome-a70-3go-64go-vert.html,itel,awesome a70,3go,64gb,green,,mytek,INSTOCK,285.000,2024-06-18
itel-awesomea70,itel-awesomea70-3go-64gb-blue,Smartphone ITEL AWESOME A70 3Go 64Go - Bleu,https://www.mytek.tn/smartphone-itel-awesome-a70-3go-64go-bleu.html,itel,awesome a70,3go,64gb,blue,,mytek,INSTOCK,285.000,2024-06-18
samsung-galaxya04e,samsung-galaxya04e-3go-64gb-copper,Smartphone SAMSUNG GALAXY A04E 3Go 64Go - Cuivre,https://www.mytek.tn/smartphone-samsung-galaxy-a04e-3go-64go-cuivre.html,samsung,galaxy a04e,3go,64gb,copper,,mytek,INSTOCK,299.000,2024-06-18
samsung-galaxya04e,samsung-galaxya04e-3go-64gb-black,Smartphone SAMSUNG GALAXY A04E 3Go 64Go - Noir,https://www.mytek.tn/smartphone-samsung-galaxy-a04e-3go-64go-noir.html,samsung,galaxy a04e,3go,64gb,black,,mytek,INSTOCK,299.000,2024-06-18
samsung-galaxya04e,samsung-galaxya04e-3go-64gb-blue,Smartphone SAMSUNG GALAXY A04E 3Go 64Go - Bleu,https://www.mytek.tn/smartphone-samsung-galaxy-a04e-3go-64go-bleu.html,samsung,galaxy a04e,3go,64gb,blue,,mytek,INSTOCK,299.000,2024-06-18
zte-a33s,zte-a33s-2go-32gb-black,Smartphone ZTE A33s 2Go 32Go - Noir,https://www.mytek.tn/smartphone-zte-a33s-2go-32go-noir.html,zte,a33s,2go,32gb,black,,mytek,INSTOCK,299.000,2024-06-18
zte-a33s,zte-a33s-2go-32gb-blue,Smartphone ZTE A33s 2Go 32Go - Bleu,https://www.mytek.tn/smartphone-zte-a33s-2go-32go-bleu.html,zte,a33s,2go,32gb,blue,,mytek,INSTOCK,299.000,2024-06-18
tecno-sparkgo2024,tecno-sparkgo2024-3go-64gb-black,Smartphone TECNO Spark Go 2024 3Go 64Go - Noir,https://www.mytek.tn/smartphone-tecno-spark-go-2024-3go-64go-noir.html,tecno,spark go 2024,3go,64gb,black,,mytek,INSTOCK,299.000,2024-06-18
nokia-c10,nokia-c10-2go-32gb-grey,Smartphone NOKIA C10 2Go 32Go Gris + Abonnement 12mois,https://www.mytek.tn/smartphone-nokia-c10-2go-32go-gris-abonnement-12mois.html,nokia,c10,2go,32gb,grey,abonnement 12mois,mytek,INSTOCK,299.000,2024-06-18
kxd-a06,kxd-a06-4go-64gb-rose,Smartphone KXD A06 4Go 64Go - Rose,https://www.mytek.tn/smartphone-kxd-a06-4go-64go-rose.html,kxd,a06,4go,64gb,rose,,mytek,INSTOCK,309.000,2024-06-18
kxd-a06,kxd-a06-4go-64gb-blue,Smartphone KXD A06 4Go 64Go - Bleu,https://www.mytek.tn/smartphone-kxd-a06-4go-64go-bleu.html,kxd,a06,4go,64gb,blue,,mytek,INSTOCK,309.000,2024-06-18
kxd-a06,kxd-a06-4go-64gb-black,Smartphone KXD A06 4Go 64Go - Noir,https://www.mytek.tn/smartphone-kxd-a06-4go-64go-noir.html,kxd,a06,4go,64gb,black,,mytek,INSTOCK,309.000,2024-06-18
iku-a11,iku-a11-2go-32gb-green,Smartphone IKU A11 2Go 32Go - Vert,https://www.mytek.tn/smartphone-iku-a11-2go-32go-vert.html,iku,a11,2go,32gb,green,,mytek,INSTOCK,309.000,2024-06-18
iku-a11,iku-a11-2go-32gb-red,Smartphone IKU A11 2Go 32Go - Rouge,https://www.mytek.tn/smartphone-iku-a11-2go-32go-rouge.html,iku,a11,2go,32gb,red,,mytek,INSTOCK,309.000,2024-06-18
itel-awesomea70,itel-awesomea70-4go-64gb-gold,Smartphone ITEL AWESOME A70 4Go 64Go - Gold,https://www.mytek.tn/smartphone-itel-awesome-a70-4go-64go-gold.html,itel,awesome a70,4go,64gb,gold,,mytek,INSTOCK,319.000,2024-06-18
itel-awesomea70,itel-awesomea70-4go-64gb-blue,Smartphone ITEL AWESOME A70 4Go 64 Go - Bleu,https://www.mytek.tn/smartphone-itel-awesome-a70-4go-64-go-bleu.html,itel,awesome a70,4go,64gb,blue,,mytek,INSTOCK,319.000,2024-06-18
itel-awesomea70,itel-awesomea70-4go-64gb-black,Smartphone ITEL AWESOME A70 4Go 64 Go - Noir,https://www.mytek.tn/smartphone-itel-awesome-a70-4go-64-go-noir.html,itel,awesome a70,4go,64gb,black,,mytek,INSTOCK,319.000,2024-06-18
itel-awesomea70,itel-awesomea70-4go-64gb-green,Smartphone ITEL AWESOME A70 4Go 64Go - Vert,https://www.mytek.tn/smartphone-itel-awesome-a70-4go-64go-vert.html,itel,awesome a70,4go,64gb,green,,mytek,INSTOCK,319.000,2024-06-18
infinix-smart8,infinix-smart8-4go-64gb-white,Smartphone INFINIX Smart 8 4Go 64Go - Blanc,https://www.mytek.tn/smartphone-infinix-smart-8-4go-64go-blanc.html,infinix,smart 8,4go,64gb,white,,mytek,INSTOCK,324.000,2024-06-18
infinix-smart8,infinix-smart8-4go-64gb-gold,Smartphone INFINIX Smart 8 4Go 64Go - Gold,https://www.mytek.tn/smartphone-infinix-smart-8-4go-64go-gold.html,infinix,smart 8,4go,64gb,gold,,mytek,INSTOCK,324.000,2024-06-18
infinix-smart8,infinix-smart8-4go-64gb-green,Smartphone INFINIX Smart 8 4Go 64Go - Vert,https://www.mytek.tn/smartphone-infinix-smart-8-4go-64go-vert.html,infinix,smart 8,4go,64gb,green,,mytek,INSTOCK,324.000,2024-06-18
infinix-smart8,infinix-smart8-4go-64gb-black,Smartphone INFINIX Smart 8 4Go 64Go - Noir,https://www.mytek.tn/smartphone-infinix-smart-8-4go-64go-noir.html,infinix,smart 8,4go,64gb,black,,mytek,INSTOCK,324.000,2024-06-18
realme-note50,realme-note50-3go-64gb-blue,Smartphone REALME Note 50 3Go 64Go - Bleu,https://www.mytek.tn/smartphone-realme-note-50-3go-64go-bleu.html,realme,note 50,3go,64gb,blue,,mytek,INSTOCK,329.000,2024-06-18
realme-note50,realme-note50-3go-64gb-black,Smartphone REALME Note 50 3Go 64Go - Noir,https://www.mytek.tn/smartphone-realme-note-50-3go-64go-noir.html,realme,note 50,3go,64gb,black,,mytek,INSTOCK,329.000,2024-06-18
samsung-galaxya04,samsung-galaxya04-3go-32gb-black,Smartphone SAMSUNG GALAXY A04 3Go 32Go - Noir,https://www.mytek.tn/smartphone-samsung-galaxy-a04-3go-32go-noir.html,samsung,galaxy a04,3go,32gb,black,,mytek,INSTOCK,329.000,2024-06-18
itel-a58pro,itel-a58pro-2go-32gb-black,Smartphone ITEL A58 Pro 2Go 32Go - Noir,https://www.mytek.tn/smartphone-itel-a58-pro-2go-32go-noir.html,itel,a58 pro,2go,32gb,black,,mytek,INSTOCK,329.000,2024-06-18
itel-a58pro,itel-a58pro-2go-32gb-blue,Smartphone ITEL A58 Pro 2Go 32Go - Bleu,https://www.mytek.tn/smartphone-itel-a58-pro-2go-32go-bleu.html,itel,a58 pro,2go,32gb,blue,,mytek,INSTOCK,329.000,2024-06-18
tecno-sparkgo2024,tecno-sparkgo2024-4go-64gb-gold,Smartphone TECNO Spark Go 2024 4Go 64Go - Gold,https://www.mytek.tn/smartphone-tecno-spark-go-2024-4go-64go-gold.html,tecno,spark go 2024,4go,64gb,gold,,mytek,INSTOCK,339.000,2024-06-18
tecno-sparkgo2024,tecno-sparkgo2024-4go-64gb-black,Smartphone TECNO Spark Go 2024 4Go 64Go - Noir,https://www.mytek.tn/smartphone-tecno-spark-go-2024-4go-64go-noir.html,tecno,spark go 2024,4go,64gb,black,,mytek,INSTOCK,339.000,2024-06-18
tecno-sparkgo2024,tecno-sparkgo2024-4go-64gb-white,Smartphone TECNO Spark Go 2024 4Go 64Go - Blanc,https://www.mytek.tn/smartphone-tecno-spark-go-2024-4go-64go-blanc.html,tecno,spark go 2024,4go,64gb,white,,mytek,INSTOCK,339.000,2024-06-18
tecno-sparkgo2024,tecno-sparkgo2024-4go-64gb-green,Smartphone TECNO Spark Go 2024 4Go 64Go - Vert,https://www.mytek.tn/smartphone-tecno-spark-go-2024-4go-64go-vert.html,tecno,spark go 2024,4go,64gb,green,,mytek,INSTOCK,339.000,2024-06-18
xiaomi-redmia2,xiaomi-redmia2-3go-64gb-blue,Smartphone XIAOMI Redmi A2+ 3Go 64Go - Bleu,https://www.mytek.tn/smartphone-xiaomi-redmi-a2-plus-3go-64go-bleu.html,xiaomi,redmi a2,3go,64gb,blue,,mytek,INSTOCK,339.000,2024-06-18
realme-c30s,realme-c30s-3go-64gb-blue,Smartphone REALME C30s 3Go 64Go - Bleu,https://www.mytek.tn/smartphone-realme-c30s-3go-64go-bleu.html,realme,c30s,3go,64gb,blue,,mytek,INSTOCK,339.000,2024-06-18
tecno-sparkgo2024,tecno-sparkgo2024-4go-128gb-green,Smartphone TECNO Spark Go 2024 4Go 128Go - Vert,https://www.mytek.tn/smartphone-tecno-spark-go-2024-4go-128go-vert.html,tecno,spark go 2024,4go,128gb,green,,mytek,INSTOCK,349.000,2024-06-18
nokia-c32,nokia-c32-4go-128gb-black,Smartphone NOKIA C32 4Go 128Go - Noir,https://www.mytek.tn/smartphone-nokia-c32-4go-128go-noir.html,nokia,c32,4go,128gb,black,,mytek,INSTOCK,349.000,2024-06-18
tecno-sparkgo2024,tecno-sparkgo2024-4go-128gb-white,Smartphone TECNO Spark Go 2024 4Go 128Go - Blanc,https://www.mytek.tn/smartphone-tecno-spark-go-2024-4go-128go-blanc.html,tecno,spark go 2024,4go,128gb,white,,mytek,INSTOCK,349.000,2024-06-18
tecno-sparkgo2024,tecno-sparkgo2024-4go-128gb-black,Smartphone TECNO Spark Go 2024 4Go 128Go - Noir,https://www.mytek.tn/smartphone-tecno-spark-go-2024-4go-128go-noir.html,tecno,spark go 2024,4go,128gb,black,,mytek,INSTOCK,349.000,2024-06-18
nokia-c32,nokia-c32-4go-128gb-green,Smartphone NOKIA C32 4Go 128Go - Vert,https://www.mytek.tn/smartphone-nokia-c32-4go-128go-vert.html,nokia,c32,4go,128gb,green,,mytek,INSTOCK,349.000,2024-06-18
benco-v80,benco-v80-4go-64gb-silver,Smartphone BENCO V80 4Go 64Go - Silver,https://www.mytek.tn/smartphone-benco-v80-4go-64go-silver.html,benco,v80,4go,64gb,silver,,mytek,INSTOCK,349.000,2024-06-18
benco-v80,benco-v80-4go-64gb-cyanblue,Smartphone BENCO V80 4Go 64Go - Bleu Cyan ,https://www.mytek.tn/smartphone-benco-v80-4go-64go-bleu-cyan.html,benco,v80,4go,64gb,cyan blue,,mytek,INSTOCK,349.000,2024-06-18
infinix-smart8,infinix-smart8-4go-128gb-gold,Smartphone INFINIX Smart 8 4Go 128Go - Gold,https://www.mytek.tn/smartphone-infinix-smart-8-4go-128go-gold.html,infinix,smart 8,4go,128gb,gold,,mytek,INSTOCK,359.000,2024-06-18
itel-awesomea70,itel-awesomea70-4go-128gb-gold,Smartphone ITEL AWESOME A70 4Go 128Go - Gold,https://www.mytek.tn/smartphone-itel-awesome-a70-4go-128go-gold.html,itel,awesome a70,4go,128gb,gold,,mytek,INSTOCK,359.000,2024-06-18
itel-awesomea70,itel-awesomea70-4go-128gb-green,Smartphone ITEL AWESOME A70 4Go 128Go - Vert,https://www.mytek.tn/smartphone-itel-awesome-a70-4go-128go-vert.html,itel,awesome a70,4go,128gb,green,,mytek,INSTOCK,359.000,2024-06-18
itel-awesomea70,itel-awesomea70-4go-128gb-blue,Smartphone ITEL AWESOME A70 4Go 128Go - Bleu,https://www.mytek.tn/smartphone-itel-awesome-a70-4go-128go-bleu.html,itel,awesome a70,4go,128gb,blue,,mytek,INSTOCK,359.000,2024-06-18
itel-awesomea70,itel-awesomea70-4go-128gb-black,Smartphone ITEL AWESOME A70 4Go 128Go - Noir,https://www.mytek.tn/smartphone-itel-awesome-a70-4go-128go-noir.html,itel,awesome a70,4go,128gb,black,,mytek,INSTOCK,359.000,2024-06-18
infinix-smart8,infinix-smart8-4go-128gb-white,Smartphone INFINIX Smart 8 4Go 128Go - Blanc,https://www.mytek.tn/smartphone-infinix-smart-8-4go-128go-blanc.html,infinix,smart 8,4go,128gb,white,,mytek,INSTOCK,359.000,2024-06-18
infinix-smart8,infinix-smart8-4go-128gb-green,Smartphone INFINIX Smart 8 4Go 128Go - Vert,https://www.mytek.tn/smartphone-infinix-smart-8-4go-128go-vert.html,infinix,smart 8,4go,128gb,green,,mytek,INSTOCK,359.000,2024-06-18
samsung-galaxya04e,samsung-galaxya04e-3go-32gb-blue,Smartphone SAMSUNG GALAXY A04E 3Go 32Go Bleu + Abonnement 12 Mois,https://www.mytek.tn/smartphone-samsung-galaxy-a04e-3go-32go-bleu.html,samsung,galaxy a04e,3go,32gb,blue,abonnement 12 mois,mytek,INSTOCK,359.000,2024-06-18
vivo-y02,vivo-y02-2go-32gb-blue,Smartphone VIVO Y02 2Go 32Go - Bleu,https://www.mytek.tn/smartphone-vivo-y02-2go-32go-bleu.html,vivo,y02,2go,32gb,blue,,mytek,INSTOCK,359.000,2024-06-18
vivo-y02,vivo-y02-2go-32gb-grey,Smartphone VIVO Y02 2Go 32Go - Gris ,https://www.mytek.tn/smartphone-vivo-y02-2go-32go-gris.html,vivo,y02,2go,32gb,grey,,mytek,INSTOCK,359.000,2024-06-18
vivo-y03,vivo-y03-4go-64gb-black,Smartphone VIVO Y03 4Go 64Go - Noir,https://www.mytek.tn/smartphone-vivo-y03-4go-64go-noir.html,vivo,y03,4go,64gb,black,,mytek,INSTOCK,369.000,2024-06-18
vivo-y03,vivo-y03-4go-64gb-green,Smartphone VIVO Y03 4Go 64Go - Vert,https://www.mytek.tn/smartphone-vivo-y03-4go-64go-vert.html,vivo,y03,4go,64gb,green,,mytek,INSTOCK,369.000,2024-06-18
tcl-20r5g,tcl-20r5g-4go-64gb-granitegray,Smartphone TCL 20R 5G 4Go 64Go - Gris Granite ,https://www.mytek.tn/smartphone-tcl-20r-5g-4go-64go-gris-granite.html,tcl,20r 5g,4go,64gb,granite gray,,mytek,INSTOCK,379.000,2024-06-18
realme-note50,realme-note50-4go-128gb-blue,Smartphone REALME Note 50 4Go 128Go - Bleu,https://www.mytek.tn/smartphone-realme-note-50-4go-128go-bleu.html,realme,note 50,4go,128gb,blue,,mytek,INSTOCK,389.000,2024-06-18
realme-note50,realme-note50-4go-128gb-black,Smartphone REALME Note 50 4Go 128Go - Noir,https://www.mytek.tn/smartphone-realme-note-50-4go-128go-noir.html,realme,note 50,4go,128gb,black,,mytek,INSTOCK,389.000,2024-06-18
xiaomi-redmia3,xiaomi-redmia3-4go-128gb-green,Smartphone XIAOMI Redmi A3 4Go 128Go - Vert Olive,https://www.mytek.tn/smartphone-xiaomi-redmi-a3-4go-128go-vert-olive.html,xiaomi,redmi a3,4go,128gb,green,olive,mytek,INSTOCK,389.000,2024-06-18
itel-s23,itel-s23-4go-128gb-white,Smartphone ITEL S23 4Go 128Go - Blanc,https://www.mytek.tn/smartphone-itel-s23-4go-128go-blanc.html,itel,s23,4go,128gb,white,,mytek,INSTOCK,389.000,2024-06-18
xiaomi-redmia3,xiaomi-redmia3-4go-128gb-blue,Smartphone XIAOMI Redmi A3 4Go 128Go - Bleu,https://www.mytek.tn/smartphone-xiaomi-redmi-a3-4go-128go-bleu.html,xiaomi,redmi a3,4go,128gb,blue,,mytek,INSTOCK,389.000,2024-06-18
xiaomi-redmia3,xiaomi-redmia3-4go-128gb-black,Smartphone XIAOMI Redmi A3 4Go 128Go - Noir,https://www.mytek.tn/smartphone-xiaomi-redmi-a3-4go-128go-noir.html,xiaomi,redmi a3,4go,128gb,black,,mytek,INSTOCK,389.000,2024-06-18
tecno-spark8c4g,tecno-spark8c4g-64gb-black, Smartphone TECNO Spark 8C 4G 64G Noir + Cadeau Offert,https://www.mytek.tn/smartphone-tecno-spark-8c-4g-64g-noir.html,tecno,spark 8c,4g,64gb,black,cadeau offert,mytek,INSTOCK,399.000,2024-06-18
tecno-spark8c,tecno-spark8c-4go-64gb-cyan,Smartphone TECNO Spark 8C 4Go 64Go Cyan + Cadeau Offert,https://www.mytek.tn/smartphone-tecno-spark-8c-4g-64g-cyan.html,tecno,spark 8c,4go,64gb,cyan,cadeau offert,mytek,INSTOCK,399.000,2024-06-18
vivo-y02s,vivo-y02s-3go-32gb-blue,Smartphone VIVO Y02S 3Go 32Go - Bleu,https://www.mytek.tn/smartphone-vivo-y02s-3go-32go-bleu.html,vivo,y02s,3go,32gb,blue,,mytek,INSTOCK,410.000,2024-06-18
itel-p55,itel-p55-4go-128gb-green,Smartphone ITEL P55+ 4Go 128Go - Vert,https://www.mytek.tn/smartphone-itel-p55-plus-4go-128go-vert.html,itel,p55,4go,128gb,green,,mytek,INSTOCK,419.000,2024-06-18
samsung-galaxya05,samsung-galaxya05-4go-64gb-green,Smartphone SAMSUNG GALAXY A05 4Go 64Go - Vert,https://www.mytek.tn/smartphone-samsung-galaxy-a05-4go-64go-vert.html,samsung,galaxy a05,4go,64gb,green,,mytek,INSTOCK,419.000,2024-06-18
vivo-y02t,vivo-y02t-4go-64gb-blue,Smartphone VIVO Y02t 4Go 64Go - Bleu ,https://www.mytek.tn/smartphone-vivo-y02t-4go-64go-bleu.html,vivo,y02t,4go,64gb,blue,,mytek,INSTOCK,419.000,2024-06-18
vivo-y02t,vivo-y02t-4go-64gb-grey,Smartphone VIVO Y02t 4Go 64Go - Gris ,https://www.mytek.tn/smartphone-vivo-y02t-4go-64go-gris.html,vivo,y02t,4go,64gb,grey,,mytek,INSTOCK,419.000,2024-06-18
itel-p38pro,itel-p38pro-2go-64gb-oceanblue,Smartphone ITEL P38 Pro 2Go 64Go - Bleu Ocean,https://www.mytek.tn/smartphone-itel-p38-pro-2go-64go-bleu-ocean.html,itel,p38 pro,2go,64gb,ocean blue,,mytek,INSTOCK,419.000,2024-06-18
itel-p38pro,itel-p38pro-2go-64gb-mintgreen,Smartphone ITEL P38 Pro 2Go 64Go - Vert menthe ,https://www.mytek.tn/smartphone-itel-p38-pro-2go-64go-vert-menthe.html,itel,p38 pro,2go,64gb,mint green,,mytek,INSTOCK,419.000,2024-06-18
oppo-a18,oppo-a18-4go-64gb-black,Smartphone OPPO A18 4Go 64Go - Noir,https://www.mytek.tn/smartphone-oppo-a18-4go-64go-noir.html,oppo,a18,4go,64gb,black,,mytek,INSTOCK,429.000,2024-06-18
oppo-a18,oppo-a18-4go-64gb-blue,Smartphone OPPO A18 4Go 64Go Bleu + Abonnement 12 Mois,https://www.mytek.tn/smartphone-oppo-a18-4go-64go-bleu.html,oppo,a18,4go,64gb,blue,abonnement 12 mois,mytek,INSTOCK,429.000,2024-06-18
itel-p55,itel-p55-8go-128gb-blue,Smartphone ITEL P55 8Go 128Go - Bleu,https://www.mytek.tn/smartphone-itel-p55-8go-128go-bleu.html,itel,p55,8go,128gb,blue,,mytek,INSTOCK,439.000,2024-06-18
itel-p55,itel-p55-8go-128gb-black,Smartphone ITEL P55 8Go 128Go - Noir,https://www.mytek.tn/smartphone-itel-p55-8go-128go-noir.html,itel,p55,8go,128gb,black,,mytek,INSTOCK,439.000,2024-06-18
itel-s23,itel-s23-8go-256gb-white,Smartphone ITEL S23 8Go 256Go - Blanc,https://www.mytek.tn/smartphone-itel-s23-8go-256go-blanc.html,itel,s23,8go,256gb,white,,mytek,INSTOCK,439.000,2024-06-18
samsung-galaxya05,samsung-galaxya05-4go-128gb-black,Smartphone SAMSUNG GALAXY A05 4Go 128Go - Noir,https://www.mytek.tn/smartphone-samsung-galaxy-a05-4go-128go-noir.html,samsung,galaxy a05,4go,128gb,black,,mytek,INSTOCK,449.000,2024-06-18
samsung-galaxya05,samsung-galaxya05-4go-128gb-silver,Smartphone SAMSUNG GALAXY A05 4Go 128Go - Silver,https://www.mytek.tn/smartphone-samsung-galaxy-a05-4go-128go-silver.html,samsung,galaxy a05,4go,128gb,silver,,mytek,INSTOCK,449.000,2024-06-18
samsung-galaxya05,samsung-galaxya05-4go-128gb-green,Smartphone SAMSUNG GALAXY A05 4Go 128Go - Vert,https://www.mytek.tn/smartphone-samsung-galaxy-a05-4go-128go-vert.html,samsung,galaxy a05,4go,128gb,green,,mytek,INSTOCK,449.000,2024-06-18
honor-x6a,honor-x6a-4go-128gb-silver,Smartphone HONOR X6a 4Go 128Go Silver + Abonnement 12 Mois Gratuit,https://www.mytek.tn/smartphone-honor-x6a-4go-128go-silver.html,honor,x6a,4go,128gb,silver,abonnement 12 mois gratuit,mytek,INSTOCK,449.000,2024-06-18
honor-x6a,honor-x6a-4go-128gb-cyan,Smartphone HONOR X6a 4Go 128Go Cyan + Abonnement 12 Mois,https://www.mytek.tn/smartphone-honor-x6a-4go-128go-bleu.html,honor,x6a,4go,128gb,cyan,abonnement 12 mois,mytek,INSTOCK,449.000,2024-06-18
honor-x6a,honor-x6a-4go-128gb-black,Smartphone HONOR X6a 4Go 128Go Noir + Abonnement 12 Mois,https://www.mytek.tn/smartphone-honor-x6a-4go-128go-noir.html,honor,x6a,4go,128gb,black,abonnement 12 mois,mytek,INSTOCK,449.000,2024-06-18
tecno-spark20c,tecno-spark20c-8go-128gb-magicskin,Smartphone TECNO Spark 20C 8Go 128Go - Peau Magique,https://www.mytek.tn/smartphone-tecno-spark-20c-8go-128go-peau-magique.html,tecno,spark 20c,8go,128gb,magic skin,,mytek,INSTOCK,459.000,2024-06-18
tecno-spark20c,tecno-spark20c-8go-128gb-black,Smartphone TECNO Spark 20C 8Go 128Go - Noir,https://www.mytek.tn/smartphone-tecno-spark-20c-8go-128go-noir.html,tecno,spark 20c,8go,128gb,black,,mytek,INSTOCK,459.000,2024-06-18
xiaomi-redmi13c,xiaomi-redmi13c-4go-128gb-green,Smartphone XIAOMI Redmi 13C 4Go 128Go - Vert,https://www.mytek.tn/smartphone-xiaomi-redmi-13c-4go-128go-vert.html,xiaomi,redmi 13c,4go,128gb,green,,mytek,INSTOCK,469.000,2024-06-18
xiaomi-redmi13c,xiaomi-redmi13c-4go-128gb-black,Smartphone XIAOMI Redmi 13C 4Go 128Go - Noir,https://www.mytek.tn/smartphone-xiaomi-redmi-13c-4go-128go-noir.html,xiaomi,redmi 13c,4go,128gb,black,,mytek,INSTOCK,469.000,2024-06-18
infinix-hot40i,infinix-hot40i-8go-128gb-blue,Smartphone INFINIX Hot 40i 8Go 128Go - Bleu,https://www.mytek.tn/smartphone-infinix-hot-40i-8go-128go-bleu.html,infinix,hot 40i,8go,128gb,blue,,mytek,INSTOCK,469.000,2024-06-18
infinix-hot40i,infinix-hot40i-8go-128gb-black,Smartphone INFINIX Hot 40i 8Go 128Go - Noir,https://www.mytek.tn/smartphone-infinix-hot-40i-8go-128go-noir.html,infinix,hot 40i,8go,128gb,black,,mytek,INSTOCK,469.000,2024-06-18
infinix-hot40i,infinix-hot40i-8go-128gb-gold,Smartphone INFINIX Hot 40i 8Go 128Go - Gold,https://www.mytek.tn/smartphone-infinix-hot-40i-8go-128go-gold.html,infinix,hot 40i,8go,128gb,gold,,mytek,INSTOCK,469.000,2024-06-18
infinix-hot40i,infinix-hot40i-8go-128gb-green,Smartphone INFINIX Hot 40i 8Go 128Go - Vert,https://www.mytek.tn/smartphone-infinix-hot-40i-8go-128go-vert.html,infinix,hot 40i,8go,128gb,green,,mytek,INSTOCK,469.000,2024-06-18
xiaomi-redmi13c,xiaomi-redmi13c-4go-128gb-blue,Smartphone XIAOMI Redmi 13C 4Go 128Go - Bleu,https://www.mytek.tn/smartphone-xiaomi-redmi-13c-4go-128go-bleu.html,xiaomi,redmi 13c,4go,128gb,blue,,mytek,INSTOCK,469.000,2024-06-18
oppo-a17k,oppo-a17k-3go-64gb-darkblue,Smartphone OPPO A17K 3Go 64Go Bleu Foncé + Abonnement Global 12Mois,https://www.mytek.tn/smartphone-oppo-a17k-3go-64go-bleu-fonce.html,oppo,a17k,3go,64gb,dark blue,abonnement global 12mois,mytek,INSTOCK,475.000,2024-06-18
tecno-spark20c,tecno-spark20c-4go-256gb-magicskin,Smartphone TECNO Spark 20C 4Go 256Go - Peau Magique,https://www.mytek.tn/smartphone-tecno-spark-20c-4go-256go-peau-magique.html,tecno,spark 20c,4go,256gb,magic skin,,mytek,INSTOCK,479.000,2024-06-18
tecno-spark20c,tecno-spark20c-4go-256gb-black,Smartphone TECNO Spark 20C 4Go 256Go - Noir,https://www.mytek.tn/smartphone-tecno-spark-20c-4go-256go-noir.html,tecno,spark 20c,4go,256gb,black,,mytek,INSTOCK,479.000,2024-06-18
tecno-spark20c,tecno-spark20c-4go-256gb-white,Smartphone TECNO Spark 20C 4Go 256Go - Blanc,https://www.mytek.tn/smartphone-tecno-spark-20c-4go-256go-blanc.html,tecno,spark 20c,4go,256gb,white,,mytek,INSTOCK,479.000,2024-06-18
oppo-a18,oppo-a18-4go-128gb-blue,Smartphone OPPO A18 4Go 128Go - Bleu,https://www.mytek.tn/smartphone-oppo-a18-4go-128go-bleu.html,oppo,a18,4go,128gb,blue,,mytek,INSTOCK,479.000,2024-06-18
oppo-a18,oppo-a18-4go-128gb-black,Smartphone OPPO A18 4Go 128Go - Noir,https://www.mytek.tn/smartphone-oppo-a18-4go-128go-noir.html,oppo,a18,4go,128gb,black,,mytek,INSTOCK,479.000,2024-06-18
tcl-20se,tcl-20se-4go-64gb-green,Smartphone TCL 20 SE 4Go 64Go - Vert,https://www.mytek.tn/smartphone-tcl-20-se-4g-64g-vert.html,tcl,20 se,4go,64gb,green,,mytek,INSTOCK,479.000,2024-06-18
tcl-20se,tcl-20se-4go-64gb-black,Smartphone TCL 20 SE 4Go 64Go - Noir,https://www.mytek.tn/smartphone-tcl-20se-4g-64g-noir.html,tcl,20 se,4go,64gb,black,,mytek,INSTOCK,479.000,2024-06-18
iku-a70,iku-a70-4go-64gb-green,Smartphone IKU A70 4Go 64Go - Vert,https://www.mytek.tn/smartphone-iku-a70-4go-64go-vert.html,iku,a70,4go,64gb,green,,mytek,INSTOCK,489.000,2024-06-18
iku-a70,iku-a70-4go-64gb-blue,Smartphone IKU A70 4Go 64Go - Bleu,https://www.mytek.tn/smartphone-iku-a70-4go-64go-bleu.html,iku,a70,4go,64gb,blue,,mytek,INSTOCK,489.000,2024-06-18
xiaomi-redmi10a,xiaomi-redmi10a-3go-64gb-graphitegray,Smartphone XIAOMI Redmi 10A 3Go 64Go - Gris Graphite,https://www.mytek.tn/smartphone-xiaomi-redmi-10a-3go-64go-gris-graphite.html,xiaomi,redmi 10a,3go,64gb,graphite gray,,mytek,INSTOCK,489.000,2024-06-18
zte-v50design,zte-v50design-8go-128gb-violet,Smartphone ZTE V50 Design 8Go 128Go - Violet,https://www.mytek.tn/smartphone-zte-v50-design-8go-128go-violet.html,zte,v50 design,8go,128gb,violet,,mytek,INSTOCK,499.000,2024-06-18
zte-v50design,zte-v50design-8go-128gb-green,Smartphone ZTE V50 Design 8Go 128Go - Vert,https://www.mytek.tn/smartphone-zte-v50-design-8go-128go-vert.html,zte,v50 design,8go,128gb,green,,mytek,INSTOCK,499.000,2024-06-18
zte-v50design,zte-v50design-8go-128gb-black,Smartphone ZTE V50 Design 8Go 128Go - Noir,https://www.mytek.tn/smartphone-zte-v50-design-8go-128go-noir.html,zte,v50 design,8go,128gb,black,,mytek,INSTOCK,499.000,2024-06-18
infinix-hot10s,infinix-hot10s-4go-64gb-black,Smartphone INFINIX Hot 10S 4Go 64Go - Noir,https://www.mytek.tn/smartphone-infinix-hot-10s-4go-64go-noir.html,infinix,hot 10s,4go,64gb,black,,mytek,INSTOCK,499.000,2024-06-18
vivo-y17s,vivo-y17s-6go-128gb-violet,Smartphone VIVO Y17s 6Go 128Go - Violet,https://www.mytek.tn/smartphone-vivo-y17s-6go-128go-violet.html,vivo,y17s,6go,128gb,violet,,mytek,INSTOCK,499.000,2024-06-18
vivo-y17s,vivo-y17s-6go-128gb-green,Smartphone VIVO Y17s 6Go 128Go - Vert,https://www.mytek.tn/smartphone-vivo-y17s-6go-128go-vert.html,vivo,y17s,6go,128gb,green,,mytek,INSTOCK,499.000,2024-06-18
itel-p55,itel-p55-8go-256gb-violet,Smartphone ITEL P55 8Go 256Go - Violet,https://www.mytek.tn/smartphone-itel-p55-8go-256go-violet.html,itel,p55,8go,256gb,violet,,mytek,INSTOCK,519.000,2024-06-18
itel-p55,itel-p55-8go-256gb-gold,Smartphone ITEL P55 8Go 256Go - Gold,https://www.mytek.tn/smartphone-itel-p55-8go-256go-gold.html,itel,p55,8go,256gb,gold,,mytek,INSTOCK,519.000,2024-06-18
itel-p55,itel-p55-8go-256gb-black,Smartphone ITEL P55 8Go 256Go - Noir,https://www.mytek.tn/smartphone-itel-p55-8go-256go-noir.html,itel,p55,8go,256gb,black,,mytek,INSTOCK,519.000,2024-06-18
itel-p55,itel-p55-8go-256gb-blue,Smartphone ITEL P55 8Go 256Go - Bleu,https://www.mytek.tn/smartphone-itel-p55-8go-256go-bleu.html,itel,p55,8go,256gb,blue,,mytek,INSTOCK,519.000,2024-06-18
infinix-hot40i,infinix-hot40i-8go-256gb-blue,Smartphone INFINIX Hot 40i 8Go 256Go - Bleu,https://www.mytek.tn/smartphone-infinix-hot-40i-8go-256go-bleu.html,infinix,hot 40i,8go,256gb,blue,,mytek,INSTOCK,519.000,2024-06-18
infinix-hot40i,infinix-hot40i-8go-256gb-black,Smartphone INFINIX Hot 40i 8Go 256Go - Noir,https://www.mytek.tn/smartphone-infinix-hot-40i-8go-256go-noir.html,infinix,hot 40i,8go,256gb,black,,mytek,INSTOCK,519.000,2024-06-18
infinix-hot40i,infinix-hot40i-8go-256gb-gold,Smartphone INFINIX Hot 40i 8Go 256Go - Gold,https://www.mytek.tn/smartphone-infinix-hot-40i-8go-256go-gold.html,infinix,hot 40i,8go,256gb,gold,,mytek,INSTOCK,519.000,2024-06-18
infinix-hot40i,infinix-hot40i-8go-256gb-green,Smartphone INFINIX Hot 40i 8Go 256Go - Vert,https://www.mytek.tn/smartphone-infinix-hot-40i-8go-256go-vert.html,infinix,hot 40i,8go,256gb,green,,mytek,INSTOCK,519.000,2024-06-18
xiaomi-redmi13c,xiaomi-redmi13c-6go-128gb-black,Smartphone XIAOMI Redmi 13C 6Go 128Go - Noir,https://www.mytek.tn/smartphone-xiaomi-redmi-13c-6go-128go-noir.html,xiaomi,redmi 13c,6go,128gb,black,,mytek,INSTOCK,519.000,2024-06-18
xiaomi-redmi13c,xiaomi-redmi13c-6go-128gb-white,Smartphone XIAOMI Redmi 13C 6Go 128Go - Blanc,https://www.mytek.tn/smartphone-xiaomi-redmi-13c-6go-128go-blanc.html,xiaomi,redmi 13c,6go,128gb,white,,mytek,INSTOCK,519.000,2024-06-18
xiaomi-redmi13c,xiaomi-redmi13c-6go-128gb-green,Smartphone XIAOMI Redmi 13C 6Go 128Go - Vert,https://www.mytek.tn/smartphone-xiaomi-redmi-13c-6go-128go-vert.html,xiaomi,redmi 13c,6go,128gb,green,,mytek,INSTOCK,519.000,2024-06-18
xiaomi-redmi13c,xiaomi-redmi13c-6go-128gb-blue,Smartphone XIAOMI Redmi 13C 6Go 128Go - Bleu,https://www.mytek.tn/smartphone-xiaomi-redmi-13c-6go-128go-bleu.html,xiaomi,redmi 13c,6go,128gb,blue,,mytek,INSTOCK,519.000,2024-06-18
xiaomi-redmi12,xiaomi-redmi12-8go-128gb-black,Smartphone XIAOMI Redmi 12 8Go 128Go - Noir,https://www.mytek.tn/smartphone-xiaomi-redmi-12-8go-128go-noir.html,xiaomi,redmi 12,8go,128gb,black,,mytek,INSTOCK,529.000,2024-06-18
tecno-spark20,tecno-spark20-8go-256gb-gold,Smartphone TECNO Spark 20 8Go 256Go - Gold,https://www.mytek.tn/smartphone-tecno-spark-20-8go-256go-gold.html,tecno,spark 20,8go,256gb,gold,,mytek,INSTOCK,529.000,2024-06-18
samsung-galaxya05,samsung-galaxya05-6go-128gb-black,Smartphone SAMSUNG GALAXY A05 6Go 128Go - Noir,https://www.mytek.tn/smartphone-samsung-galaxy-a05-6go-128go-noir.html,samsung,galaxy a05,6go,128gb,black,,mytek,INSTOCK,529.000,2024-06-18
samsung-galaxya05,samsung-galaxya05-6go-128gb-silver,Smartphone SAMSUNG GALAXY A05 6Go 128Go - Silver,https://www.mytek.tn/smartphone-samsung-galaxy-a05-6go-128go-silver.html,samsung,galaxy a05,6go,128gb,silver,,mytek,INSTOCK,529.000,2024-06-18
samsung-galaxya05,samsung-galaxya05-6go-128gb-green,Smartphone SAMSUNG GALAXY A05 6Go 128Go - Vert,https://www.mytek.tn/smartphone-samsung-galaxy-a05-6go-128go-vert.html,samsung,galaxy a05,6go,128gb,green,,mytek,INSTOCK,529.000,2024-06-18
tecno-spark20,tecno-spark20-8go-256gb-blue,Smartphone TECNO Spark 20 8Go 256Go - Bleu,https://www.mytek.tn/smartphone-tecno-spark-20-8go-256go-bleu.html,tecno,spark 20,8go,256gb,blue,,mytek,INSTOCK,529.000,2024-06-18
tecno-spark20,tecno-spark20-8go-256gb-white,Smartphone TECNO Spark 20 8Go 256Go - Blanc,https://www.mytek.tn/smartphone-tecno-spark-20-8go-256go-blanc.html,tecno,spark 20,8go,256gb,white,,mytek,INSTOCK,529.000,2024-06-18
tecno-spark20,tecno-spark20-8go-256gb-black,Smartphone TECNO Spark 20 8Go 256Go - Noir,https://www.mytek.tn/smartphone-tecno-spark-20-8go-256go-noir.html,tecno,spark 20,8go,256gb,black,,mytek,INSTOCK,529.000,2024-06-18
infinix-hot11,infinix-hot11-4go-64gb-black,Smartphone INFINIX Hot 11 4Go 64Go - Noir,https://www.mytek.tn/smartphone-infinix-hot-11-4go-64go-noir.html,infinix,hot 11,4go,64gb,black,,mytek,INSTOCK,529.000,2024-06-18
umidigi-power54g,umidigi-power54g-128gb-green,Smartphone UMIDIGI Power 5 4G 128G - Vert,https://www.mytek.tn/smartphone-umidigi-power-5-4g-128g-vert.html,umidigi,power 5,4g,128gb,green,,mytek,INSTOCK,535.000,2024-06-18
realme-c51,realme-c51-4go-128gb-mintgreen,Smartphone REALME C51 4Go 128Go - Vert Menthe ,https://www.mytek.tn/smartphone-realme-c51-4go-128go-vert-menthe.html,realme,c51,4go,128gb,mint green,,mytek,INSTOCK,539.000,2024-06-18
realme-c51,realme-c51-4go-128gb-carbonblack,Smartphone REALME C51 4Go 128Go - Noir Carbone,https://www.mytek.tn/smartphone-realme-c51-4go-128go-noir-carbone.html,realme,c51,4go,128gb,carbon black,,mytek,INSTOCK,539.000,2024-06-18
oukitel-wp20,oukitel-wp20-4go-32gb-blackorange,Smartphone OUKITEL WP20 4Go 32Go Noir&Orange + Abonnement GLOBAL PRO ,https://www.mytek.tn/smartphone-oukitel-wp20-4go-32go-noir-orange.html,oukitel,wp20,4go,32gb,black orange,abonnement global pro,mytek,INSTOCK,539.000,2024-06-18
oppo-a38,oppo-a38-4go-128gb-black,Smartphone OPPO A38 4Go 128Go Noir + Abonnement 12 Mois,https://www.mytek.tn/smartphone-oppo-a38-4go-128go-noir.html,oppo,a38,4go,128gb,black,abonnement 12 mois,mytek,INSTOCK,549.000,2024-06-18
oppo-a38,oppo-a38-4go-128gb-gold,Smartphone OPPO A38 4Go 128Go Gold + Abonnement 12 Mois,https://www.mytek.tn/smartphone-oppo-a38-4go-128go-gold.html,oppo,a38,4go,128gb,gold,abonnement 12 mois,mytek,INSTOCK,549.000,2024-06-18
iplus-alpha3,iplus-alpha3-6go-128gb-white,Smartphone IPLUS Alpha 3 6Go 128Go - Blanc,https://www.mytek.tn/smartphone-iplus-alpha-3-128go-6go-blanc.html,iplus,alpha 3,6go,128gb,white,,mytek,INSTOCK,549.000,2024-06-18
realme-c53,realme-c53-6go-128gb-gold,Smartphone REALME C53 6Go 128Go - Gold,https://www.mytek.tn/smartphone-realme-c53-6go-128go-gold.html,realme,c53,6go,128gb,gold,,mytek,INSTOCK,549.000,2024-06-18
realme-c53,realme-c53-6go-128gb-black,Smartphone REALME C53 6Go 128Go - Noir,https://www.mytek.tn/smartphone-realme-c53-6go-128go-noir.html,realme,c53,6go,128gb,black,,mytek,INSTOCK,549.000,2024-06-18
xiaomi-redmi10a,xiaomi-redmi10a-3go-64gb-skyblue,Smartphone XIAOMI Redmi 10A 3Go 64Go - Bleu Sky,https://www.mytek.tn/smartphone-xiaomi-redmi-10a-3go-64g-bleu-sky.html,xiaomi,redmi 10a,3go,64gb,sky blue,,mytek,INSTOCK,559.000,2024-06-18
vivo-y22,vivo-y22-4go-64gb-blue,Smartphone VIVO Y22 4Go 64Go - Bleu,https://www.mytek.tn/smartphone-vivo-y22-4go-64go-bleu.html,vivo,y22,4go,64gb,blue,,mytek,INSTOCK,589.000,2024-06-18
infinix-hot12,infinix-hot12-4go-64gb-white,Smartphone INFINIX HOT 12 4Go 64Go - Blanc,https://www.mytek.tn/smartphone-infinix-hot-12-4go-64go-blanc-coque-gratuit-code-free-fire.html,infinix,hot 12,4go,64gb,white,,mytek,INSTOCK,589.000,2024-06-18
infinix-hot12,infinix-hot12-4go-64gb-green,Smartphone INFINIX HOT 12 4Go 64Go - Vert,https://www.mytek.tn/smartphone-infinix-hot-12-4go-64go-vert-coque-gratuit-code-free-fire.html,infinix,hot 12,4go,64gb,green,,mytek,INSTOCK,589.000,2024-06-18
infinix-hot12,infinix-hot12-4go-64gb-black,Smartphone INFINIX HOT 12 4Go 64Go - Noir,https://www.mytek.tn/smartphone-infinix-hot-12-4go-64go-noir.html,infinix,hot 12,4go,64gb,black,,mytek,INSTOCK,589.000,2024-06-18
oppo-a38,oppo-a38-6go-128gb-gold,Smartphone OPPO A38 6Go 128Go - Gold,https://www.mytek.tn/smartphone-oppo-a38-6go-128go-gold.html,oppo,a38,6go,128gb,gold,,mytek,INSTOCK,599.000,2024-06-18
oppo-a38,oppo-a38-6go-128gb-black,Smartphone OPPO A38 6Go 128Go - Noir,https://www.mytek.tn/smartphone-oppo-a38-6go-128go-noir.html,oppo,a38,6go,128gb,black,,mytek,INSTOCK,599.000,2024-06-18
xiaomi-redmi13c,xiaomi-redmi13c-8go-256gb-green,Smartphone XIAOMI Redmi 13C 8Go 256Go - Vert,https://www.mytek.tn/smartphone-xiaomi-redmi-13c-8go-256go-vert.html,xiaomi,redmi 13c,8go,256gb,green,,mytek,INSTOCK,599.000,2024-06-18
xiaomi-redmi13c,xiaomi-redmi13c-8go-256gb-black,Smartphone XIAOMI Redmi 13C 8Go 256Go - Noir,https://www.mytek.tn/smartphone-xiaomi-redmi-13c-8go-256go-noir.html,xiaomi,redmi 13c,8go,256gb,black,,mytek,INSTOCK,599.000,2024-06-18
samsung-galaxya05s,samsung-galaxya05s-4go-128gb-black,Smartphone SAMSUNG GALAXY A05s 4Go 128Go Noir + Chargeur Secteur 25W Offert,https://www.mytek.tn/smartphone-samsung-galaxy-a05s-4go-128go-noir.html,samsung,galaxy a05s,4go,128gb,black,chargeur secteur 25w offert,mytek,INSTOCK,599.000,2024-06-18
samsung-galaxya05s,samsung-galaxya05s-4go-128gb-violet,Smartphone SAMSUNG GALAXY A05s 4Go 128Go Violet + Chargeur Secteur 25W Offert,https://www.mytek.tn/smartphone-samsung-galaxy-a05s-4go-128go-violet.html,samsung,galaxy a05s,4go,128gb,violet,chargeur secteur 25w offert,mytek,INSTOCK,599.000,2024-06-18
samsung-galaxya05s,samsung-galaxya05s-4go-128gb-silver,Smartphone SAMSUNG GALAXY A05s 4Go 128Go Silver + Chargeur Secteur 25W Offert,https://www.mytek.tn/smartphone-samsung-galaxy-a05s-4go-128go-silver.html,samsung,galaxy a05s,4go,128gb,silver,chargeur secteur 25w offert,mytek,INSTOCK,599.000,2024-06-18
xiaomi-redmi13c,xiaomi-redmi13c-8go-256gb-white,Smartphone XIAOMI Redmi 13C 8Go 256Go - Blanc,https://www.mytek.tn/smartphone-xiaomi-redmi-13c-8go-256go-blanc.html,xiaomi,redmi 13c,8go,256gb,white,,mytek,INSTOCK,599.000,2024-06-18
xiaomi-redmi13c,xiaomi-redmi13c-8go-256gb-blue,Smartphone XIAOMI Redmi 13C 8Go 256Go - Bleu,https://www.mytek.tn/smartphone-xiaomi-redmi-13c-8go-256go-bleu.html,xiaomi,redmi 13c,8go,256gb,blue,,mytek,INSTOCK,599.000,2024-06-18
tecno-spark8p,tecno-spark8p-4go-128gb-turquoise,Smartphone TECNO Spark 8P 4Go 128Go - Turquoise,https://www.mytek.tn/smartphone-tecno-spark-8p-4go-128g-turquoise.html,tecno,spark 8p,4go,128gb,turquoise,,mytek,INSTOCK,599.000,2024-06-18
vivo-y274g,vivo-y274g-6go-128gb-blue,Smartphone VIVO Y27 4G 6Go 128Go Bleu + Abonnement Global Pro 12 Mois,https://www.mytek.tn/smartphone-vivo-y27-4g-6go-128go-bleu.html,vivo,y27 4g,6go,128gb,blue,abonnement global pro 12 mois,mytek,INSTOCK,614.000,2024-06-18
infinix-hot40,infinix-hot40-8go-256gb-green,Smartphone INFINIX Hot 40 8Go 256Go - Vert,https://www.mytek.tn/smartphone-infinix-hot-40-8go-256go-vert.html,infinix,hot 40,8go,256gb,green,,mytek,INSTOCK,619.000,2024-06-18
infinix-hot40ff,infinix-hot40ff-8go-256gb-black,Smartphone INFINIX Hot 40 FF 8Go 256Go - Noir ,https://www.mytek.tn/smartphone-infinix-hot-40-8go-256go-noir.html,infinix,hot 40 ff,8go,256gb,black,,mytek,INSTOCK,619.000,2024-06-18
infinix-hot40ff,infinix-hot40ff-8go-256gb-blue,Smartphone INFINIX Hot 40 FF 8Go 256Go - Bleu ,https://www.mytek.tn/smartphone-infinix-hot-40-8go-256go-bleu.html,infinix,hot 40 ff,8go,256gb,blue,,mytek,INSTOCK,619.000,2024-06-18
infinix-hot40ff,infinix-hot40ff-8go-256gb-gold,Smartphone INFINIX Hot 40 FF 8Go 256Go - Gold,https://www.mytek.tn/smartphone-infinix-hot-40-8go-256go-gold.html,infinix,hot 40 ff,8go,256gb,gold,,mytek,INSTOCK,619.000,2024-06-18
realme-c55,realme-c55-6go-128gb-black,Smartphone REALME C55 6Go 128Go - Noir,https://www.mytek.tn/smartphone-realme-c55-6go-128go-noir.html,realme,c55,6go,128gb,black,,mytek,INSTOCK,629.000,2024-06-18
samsung-galaxya144g,samsung-galaxya144g-4go-128gb-black,Smartphone SAMSUNG GALAXY A14 4G 4Go 128Go - Noir ,https://www.mytek.tn/smartphone-samsung-galaxy-a14-5g-4go-128go-noir.html,samsung,galaxy a14 4g,4go,128gb,black,,mytek,INSTOCK,629.000,2024-06-18
itel-s24,itel-s24-8go-256gb-white,Smartphone ITEL S24 8Go 256Go Blanc + ITEL Buds Air Offerts,https://www.mytek.tn/smartphone-itel-s24-8go-256go-blanc.html,itel,s24,8go,256gb,white,itel buds air offerts,mytek,INSTOCK,649.000,2024-06-18
itel-s24,itel-s24-8go-256gb-black,Smartphone ITEL S24 8Go 256Go Noir + ITEL Buds Air Offerts,https://www.mytek.tn/smartphone-itel-s24-8go-256go-noir.html,itel,s24,8go,256gb,black,itel buds air offerts,mytek,INSTOCK,649.000,2024-06-18
samsung-galaxya154g,samsung-galaxya154g-4go-128gb-black&blue,Smartphone SAMSUNG GALAXY A15 4G 4Go 128Go - Bleu Noir,https://www.mytek.tn/smartphone-samsung-galaxy-a15-4g-4go-128go-bleu-noir.html,samsung,galaxy a15 4g,4go,128gb,black&blue,,mytek,INSTOCK,649.000,2024-06-18
samsung-galaxya154g,samsung-galaxya154g-4go-128gb-blue,Smartphone SAMSUNG GALAXY A15 4G 4Go 128Go - Bleu Clair,https://www.mytek.tn/smartphone-samsung-galaxy-a15-4g-4go-128go-bleu.html,samsung,galaxy a15 4g,4go,128gb,blue,clair,mytek,INSTOCK,649.000,2024-06-18
samsung-galaxya05s,samsung-galaxya05s-6go-128gb-black,Smartphone SAMSUNG GALAXY A05s 6Go 128Go Noir + Chargeur Secteur 25W Offert,https://www.mytek.tn/smartphone-samsung-galaxy-a05s-6go-128go-noir.html,samsung,galaxy a05s,6go,128gb,black,chargeur secteur 25w offert,mytek,INSTOCK,649.000,2024-06-18
samsung-galaxya05s,samsung-galaxya05s-6go-128gb-violet,Smartphone SAMSUNG GALAXY A05s 6Go 128Go Violet + Chargeur Secteur 25W Offert,https://www.mytek.tn/smartphone-samsung-galaxy-a05s-6go-128go-violet.html,samsung,galaxy a05s,6go,128gb,violet,chargeur secteur 25w offert,mytek,INSTOCK,649.000,2024-06-18
samsung-galaxya05s,samsung-galaxya05s-6go-128gb-silver,Smartphone SAMSUNG GALAXY A05s 6Go 128Go Silver + Chargeur Secteur 25W Offert,https://www.mytek.tn/smartphone-samsung-galaxy-a05s-6go-128go-silver.html,samsung,galaxy a05s,6go,128gb,silver,chargeur secteur 25w offert,mytek,INSTOCK,649.000,2024-06-18
realme-c53,realme-c53-8go-256gb-gold,Smartphone REALME C53 8Go 256Go - Gold,https://www.mytek.tn/smartphone-realme-c53-8go-256go-gold.html,realme,c53,8go,256gb,gold,,mytek,INSTOCK,669.000,2024-06-18
realme-c53,realme-c53-8go-256gb-black,Smartphone REALME C53 8Go 256Go - Noir,https://www.mytek.tn/smartphone-realme-c53-8go-256go-noir.html,realme,c53,8go,256gb,black,,mytek,INSTOCK,669.000,2024-06-18
oppo-a58,oppo-a58-8go-128gb-green,Smartphone OPPO A58 8Go 128Go Vert + Abonnement GLOBAL PRO 12 Mois,https://www.mytek.tn/smartphone-oppo-a58-8go-128go-vert.html,oppo,a58,8go,128gb,green,abonnement global pro 12 mois,mytek,INSTOCK,679.000,2024-06-18
oppo-a58,oppo-a58-8go-128gb-black,Smartphone OPPO A58 8Go 128Go Noir + Abonnement GLOBAL PRO 12 Mois,https://www.mytek.tn/smartphone-oppo-a58-8go-128go-noir.html,oppo,a58,8go,128gb,black,abonnement global pro 12 mois,mytek,INSTOCK,679.000,2024-06-18
samsung-galaxya154g,samsung-galaxya154g-6go-128gb-black&blue,Smartphone SAMSUNG GALAXY A15 4G 6Go 128Go - Bleu Noir,https://www.mytek.tn/smartphone-samsung-galaxy-a15-4g-6go-128go-bleu-noir.html,samsung,galaxy a15 4g,6go,128gb,black&blue,,mytek,INSTOCK,689.000,2024-06-18
samsung-galaxya154g,samsung-galaxya154g-6go-128gb-yellow,Smartphone SAMSUNG GALAXY A15 4G 6Go 128Go - Jaune,https://www.mytek.tn/smartphone-samsung-galaxy-a15-4g-6go-128go-jaune.html,samsung,galaxy a15 4g,6go,128gb,yellow,,mytek,INSTOCK,689.000,2024-06-18
samsung-galaxya154g,samsung-galaxya154g-6go-128gb-blue,Smartphone SAMSUNG GALAXY A15 4G 6Go 128Go - Bleu Clair,https://www.mytek.tn/smartphone-samsung-galaxy-a15-4g-6go-128go-bleu.html,samsung,galaxy a15 4g,6go,128gb,blue,clair,mytek,INSTOCK,689.000,2024-06-18
oppo-a16,oppo-a16-4go-64gb-blue,Smartphone OPPO A16 4Go 64Go - Bleu,https://www.mytek.tn/smartphone-oppo-a16-4go-64go-bleu.html,oppo,a16,4go,64gb,blue,,mytek,INSTOCK,699.000,2024-06-18
honor-x7b,honor-x7b-6go-256gb-green,Smartphone HONOR X7B 6Go 256Go Vert + Support Offert,https://www.mytek.tn/smartphone-honor-x7b-6go-256go-vert.html,honor,x7b,6go,256gb,green,support offert,mytek,INSTOCK,699.000,2024-06-18
honor-x7b,honor-x7b-6go-256gb-silver,Smartphone HONOR X7B 6Go 256Go Silver + Support Offert,https://www.mytek.tn/smartphone-honor-x7b-6go-256go-silver.html,honor,x7b,6go,256gb,silver,support offert,mytek,INSTOCK,699.000,2024-06-18
honor-x7b,honor-x7b-6go-256gb-black,Smartphone HONOR X7B 6Go 256Go Noir + Support Offert,https://www.mytek.tn/smartphone-honor-x7b-6go-256go-noir.html,honor,x7b,6go,256gb,black,support offert,mytek,INSTOCK,699.000,2024-06-18
tecno-spark20pro,tecno-spark20pro-8go-256gb-green,Smartphone TECNO Spark 20 Pro 8Go 256Go - Vert,https://www.mytek.tn/smartphone-tecno-spark-20-pro-8go-256go-vert.html,tecno,spark 20 pro,8go,256gb,green,,mytek,INSTOCK,699.000,2024-06-18
tecno-spark20pro,tecno-spark20pro-8go-256gb-gold,Smartphone TECNO Spark 20 Pro 8Go 256Go - Gold,https://www.mytek.tn/smartphone-tecno-spark-20-pro-8go-256go-gold.html,tecno,spark 20 pro,8go,256gb,gold,,mytek,INSTOCK,699.000,2024-06-18
tecno-spark20pro,tecno-spark20pro-8go-256gb-black,Smartphone TECNO Spark 20 Pro 8Go 256Go - Noir,https://www.mytek.tn/smartphone-tecno-spark-20-pro-8go-256go-noir.html,tecno,spark 20 pro,8go,256gb,black,,mytek,INSTOCK,699.000,2024-06-18
xiaomi-redmi102022,xiaomi-redmi102022-4go-64gb-seablue,Smartphone XIAOMI Redmi 10 2022 4Go 64Go - Bleu Mer,https://www.mytek.tn/smartphone-xiaomi-redmi-10-2022-4go-64go-bleu-mer.html,xiaomi,redmi 10 2022,4go,64gb,sea blue,,mytek,INSTOCK,699.000,2024-06-18
xiaomi-redmi102022,xiaomi-redmi102022-4go-64gb-pebblewhite,Smartphone XIAOMI Redmi 10 2022 4Go 64Go - Blanc Galet,https://www.mytek.tn/smartphone-xiaomi-redmi-10-2022-4go-64go-blanc-galet.html,xiaomi,redmi 10 2022,4go,64gb,pebble white,,mytek,INSTOCK,699.000,2024-06-18
xiaomi-redminote13,xiaomi-redminote13-6go-128gb-black,Smartphone XIAOMI Redmi Note 13 6Go 128Go - Noir,https://www.mytek.tn/smartphone-xiaomi-redmi-note-13-6go-128go-noir.html,xiaomi,redmi note 13,6go,128gb,black,,mytek,INSTOCK,749.000,2024-06-18
xiaomi-redminote13,xiaomi-redminote13-6go-128gb-mintgreen,Smartphone XIAOMI Redmi Note 13 6Go 128Go - Vert menthe,https://www.mytek.tn/smartphone-xiaomi-redmi-note-13-6go-128go-vert-menthe.html,xiaomi,redmi note 13,6go,128gb,mint green,,mytek,INSTOCK,749.000,2024-06-18
xiaomi-redminote13,xiaomi-redminote13-6go-128gb-frostblue,Smartphone XIAOMI Redmi Note 13 6Go 128Go - Bleu Givré,https://www.mytek.tn/smartphone-xiaomi-redmi-note-13-6go-128go-bleu-givre.html,xiaomi,redmi note 13,6go,128gb,frost blue,,mytek,INSTOCK,749.000,2024-06-18
realme-c674g,realme-c674g-8go-256gb-black,Smartphone REALME C67 4G 8Go 256Go Noir + Abonnement 12 Mois,https://www.mytek.tn/smartphone-realme-c67-4g-8go-256go-noir.html,realme,c67 4g,8go,256gb,black,abonnement 12 mois,mytek,INSTOCK,779.000,2024-06-18
realme-c674g,realme-c674g-8go-256gb-green,Smartphone REALME C67 4G 8Go 256Go Vert + Abonnement 12 Mois,https://www.mytek.tn/smartphone-realme-c67-4g-8go-256go-vert.html,realme,c67 4g,8go,256gb,green,abonnement 12 mois,mytek,INSTOCK,779.000,2024-06-18
xiaomi-redmi102022,xiaomi-redmi102022-4go-128gb-pebblewhite,Smartphone XIAOMI Redmi 10 2022 4Go 128Go - Blanc Galet,https://www.mytek.tn/smartphone-xiaomi-redmi-10-2022-4go-128go-blanc-galet.html,xiaomi,redmi 10 2022,4go,128gb,pebble white,,mytek,INSTOCK,789.000,2024-06-18
oppo-a60,oppo-a60-8go-128gb-violet,Smartphone OPPO A60 8Go 128Go - Violet,https://www.mytek.tn/smartphone-oppo-a60-8go-128go-violet.html,oppo,a60,8go,128gb,violet,,mytek,INSTOCK,799.000,2024-06-18
oppo-a60,oppo-a60-8go-128gb-blue,Smartphone OPPO A60 8Go 128Go - Bleu,https://www.mytek.tn/smartphone-oppo-a60-8go-128go-bleu.html,oppo,a60,8go,128gb,blue,,mytek,INSTOCK,799.000,2024-06-18
xiaomi-redminote13,xiaomi-redminote13-8go-128gb-black,Smartphone XIAOMI Redmi Note 13 8Go 128Go - Noir,https://www.mytek.tn/smartphone-xiaomi-redmi-note-13-8go-128go-noir.html,xiaomi,redmi note 13,8go,128gb,black,,mytek,INSTOCK,799.000,2024-06-18
xiaomi-redminote13,xiaomi-redminote13-8go-128gb-mintgreen,Smartphone XIAOMI Redmi Note 13 8Go 128Go - Vert menthe,https://www.mytek.tn/smartphone-xiaomi-redmi-note-13-8go-128go-vert-menthe.html,xiaomi,redmi note 13,8go,128gb,mint green,,mytek,INSTOCK,799.000,2024-06-18
xiaomi-redminote13,xiaomi-redminote13-8go-128gb-frostblue,Smartphone XIAOMI Redmi Note 13 8Go 128Go - Bleu Givré,https://www.mytek.tn/smartphone-xiaomi-redmi-note-13-8go-128go-bleu-givre.html,xiaomi,redmi note 13,8go,128gb,frost blue,,mytek,INSTOCK,799.000,2024-06-18
vivo-y36,vivo-y36-8go-256gb-gold,Smartphone VIVO Y36 8Go 256Go Gold + Abonnement 12 Mois,https://www.mytek.tn/smartphone-vivo-y36-8go-256go-gold.html,vivo,y36,8go,256gb,gold,abonnement 12 mois,mytek,INSTOCK,799.000,2024-06-18
realme-10,realme-10-8go-128gb-black,Smartphone REALME 10 8Go 128Go - Noir,https://www.mytek.tn/smartphone-realme-10-8go-128go-noir.html,realme,10,8go,128gb,black,,mytek,INSTOCK,799.000,2024-06-18
realme-10,realme-10-8go-128gb-white,Smartphone REALME 10 8Go 128Go - Blanc,https://www.mytek.tn/smartphone-realme-10-8go-128go-blanc.html,realme,10,8go,128gb,white,,mytek,INSTOCK,799.000,2024-06-18
realme-c55,realme-c55-8go-256gb-black,Smartphone REALME C55 8Go 256Go - Noir,https://www.mytek.tn/smartphone-realme-c55-8go-256go-nuit-pluvieuse.html,realme,c55,8go,256gb,black,,mytek,INSTOCK,799.000,2024-06-18
infinix-hot40pro4g,infinix-hot40pro4g-12go-256gb-blue,Smartphone INFINIX HOT 40 Pro 4G 12Go 256Go - Bleu,https://www.mytek.tn/smartphone-infinix-hot-40-pro-4g-12go-256go-bleu.html,infinix,hot 40 pro 4g,12go,256gb,blue,,mytek,INSTOCK,819.000,2024-06-18
infinix-hot40pro4g,infinix-hot40pro4g-12go-256gb-green,Smartphone INFINIX HOT 40 Pro 4G 12Go 256Go - Vert,https://www.mytek.tn/smartphone-infinix-hot-40-pro-4g-12go-256go-vert.html,infinix,hot 40 pro 4g,12go,256gb,green,,mytek,INSTOCK,819.000,2024-06-18
infinix-hot40pro4g,infinix-hot40pro4g-12go-256gb-black,Smartphone INFINIX HOT 40 Pro 4G 12Go 256Go - Noir,https://www.mytek.tn/smartphone-infinix-hot-40-pro-4g-12go-256go-noir.html,infinix,hot 40 pro 4g,12go,256gb,black,,mytek,INSTOCK,819.000,2024-06-18
infinix-hot40pro4g,infinix-hot40pro4g-12go-256gb-gold,Smartphone INFINIX HOT 40 Pro 4G 12Go 256Go - Gold,https://www.mytek.tn/smartphone-infinix-hot-40-pro-4g-12go-256go-gold.html,infinix,hot 40 pro 4g,12go,256gb,gold,,mytek,INSTOCK,819.000,2024-06-18
samsung-galaxya24,samsung-galaxya24-4go-128gb-green,Smartphone SAMSUNG GALAXY A24 4Go 128Go - Vert ,https://www.mytek.tn/smartphone-samsung-galaxy-a24-4go-128go-vert.html,samsung,galaxy a24,4go,128gb,green,,mytek,INSTOCK,829.000,2024-06-18
realme-11,realme-11-8go-256gb-gold,Smartphone REALME 11 8Go 256Go - Gold,https://www.mytek.tn/smartphone-realme-11-8go-256go-gold.html,realme,11,8go,256gb,gold,,mytek,INSTOCK,849.000,2024-06-18
honor-90lite5g,honor-90lite5g-8go-256gb-silver,Smartphone HONOR 90 Lite 5G 8Go 256Go Silver + Abonnement Global 12 Mois,https://www.mytek.tn/smartphone-honor-90-lite-5g-8go-256g-silver.html,honor,90 lite 5g,8go,256gb,silver,abonnement global 12 mois,mytek,INSTOCK,849.000,2024-06-18
realme-11,realme-11-8go-256gb-black,Smartphone REALME 11 8Go 256Go - Noir,https://www.mytek.tn/smartphone-realme-11-4g-8go-256go-noir.html,realme,11,8go,256gb,black,,mytek,INSTOCK,849.000,2024-06-18
honor-90lite5g,honor-90lite5g-8go-256gb-cyan,Smartphone HONOR 90 Lite 5G 8Go 256Go Cyan + Abonnement Global 12 Mois,https://www.mytek.tn/smartphone-honor-90-lite-8go-256go-cyan.html,honor,90 lite 5g,8go,256gb,cyan,abonnement global 12 mois,mytek,INSTOCK,849.000,2024-06-18
honor-90lite5g,honor-90lite5g-8go-256gb-black,Smartphone HONOR 90 Lite 5G 8Go 256Go Noir + Abonnement Global 12 Mois,https://www.mytek.tn/smartphone-honor-90-lite-8go-256go-noir.html,honor,90 lite 5g,8go,256gb,black,abonnement global 12 mois,mytek,INSTOCK,849.000,2024-06-18
realme-10,realme-10-8go-256gb-black,Smartphone REALME 10 8Go 256Go - Noir,https://www.mytek.tn/smartphone-realme-10-8go-256go-noir.html,realme,10,8go,256gb,black,,mytek,INSTOCK,849.000,2024-06-18
realme-10,realme-10-8go-256gb-white,Smartphone REALME 10 8Go 256Go - Blanc,https://www.mytek.tn/smartphone-realme-10-8go-256go-blanc.html,realme,10,8go,256gb,white,,mytek,INSTOCK,849.000,2024-06-18
xiaomi-redminote13,xiaomi-redminote13-8go-256gb-frostblue,Smartphone XIAOMI Redmi Note 13 8Go 256Go - Bleu Givré,https://www.mytek.tn/smartphone-xiaomi-redmi-note-13-8go-256go-bleu-givre.html,xiaomi,redmi note 13,8go,256gb,frost blue,,mytek,INSTOCK,859.000,2024-06-18
xiaomi-redminote13,xiaomi-redminote13-8go-256gb-black,Smartphone XIAOMI Redmi Note 13 8Go 256Go - Noir,https://www.mytek.tn/smartphone-xiaomi-redmi-note-13-8go-256go-noir.html,xiaomi,redmi note 13,8go,256gb,black,,mytek,INSTOCK,859.000,2024-06-18
xiaomi-redminote12,xiaomi-redminote12-8go-256gb-frostblue,Smartphone XIAOMI Redmi Note 12 8Go 256Go - Bleu Givre,https://www.mytek.tn/smartphone-xiaomi-redmi-note-12-8go-256go-bleu-givre.html,xiaomi,redmi note 12,8go,256gb,frost blue,,mytek,INSTOCK,859.000,2024-06-18
oppo-a76,oppo-a76-6go-128gb-blue,Smartphone OPPO A76 6Go 128Go - Bleu,https://www.mytek.tn/smartphone-oppo-a76-6go-128go-bleu.html,oppo,a76,6go,128gb,blue,,mytek,INSTOCK,869.000,2024-06-18
samsung-galaxya154g,samsung-galaxya154g-8go-256gb-black&blue,Smartphone SAMSUNG GALAXY A15 4G 8Go 256Go - Bleu Noir,https://www.mytek.tn/smartphone-samsung-galaxy-a15-4g-8go-256go-bleu-noir.html,samsung,galaxy a15 4g,8go,256gb,black&blue,,mytek,INSTOCK,889.000,2024-06-18
samsung-galaxya154g,samsung-galaxya154g-8go-256gb-yellow,Smartphone SAMSUNG GALAXY A15 4G 8Go 256Go - Jaune,https://www.mytek.tn/smartphone-samsung-galaxy-a15-4g-8go-256go-jaune.html,samsung,galaxy a15 4g,8go,256gb,yellow,,mytek,INSTOCK,889.000,2024-06-18
samsung-galaxya154g,samsung-galaxya154g-8go-256gb-blue,Smartphone SAMSUNG GALAXY A15 4G 8Go 256Go - Bleu Clair,https://www.mytek.tn/smartphone-samsung-galaxy-a15-4g-8go-256go-bleu.html,samsung,galaxy a15 4g,8go,256gb,blue,clair,mytek,INSTOCK,889.000,2024-06-18
vivo-v30lite,vivo-v30lite-8go-256gb-black,Smartphone VIVO V30 Lite 8Go 256Go - Noir Cristal,https://www.mytek.tn/smartphone-vivo-v30-lite-8go-256go-noir-cristal.html,vivo,v30 lite,8go,256gb,black,cristal,mytek,INSTOCK,899.000,2024-06-18
vivo-v30lite,vivo-v30lite-8go-256gb-green,Smartphone VIVO V30 Lite 8Go 256Go - Vert Brise,https://www.mytek.tn/smartphone-vivo-v30-lite-8go-256go-vert-brise.html,vivo,v30 lite,8go,256gb,green,brise,mytek,INSTOCK,899.000,2024-06-18
oppo-a784g,oppo-a784g-8go-256gb-black,Smartphone OPPO A78 4G 8Go 256Go Noir + Abonnement 12 Mois ,https://www.mytek.tn/smartphone-oppo-a78-4g-8go-256go-noir.html,oppo,a78 4g,8go,256gb,black,abonnement 12 mois,mytek,INSTOCK,899.000,2024-06-18
oppo-a784g,oppo-a784g-8go-256gb-green,Smartphone OPPO A78 4G 8Go 256Go Vert + Abonnement 12 Mois,https://www.mytek.tn/smartphone-oppo-a78-4g-8go-256go-vert.html,oppo,a78 4g,8go,256gb,green,abonnement 12 mois,mytek,INSTOCK,899.000,2024-06-18
infinix-note405g,infinix-note405g-8go-256gb-black,Smartphone INFINIX Note 40 5G 8Go 256Go - Noir,https://www.mytek.tn/smartphone-infinix-note-40-5g-8go-256go-noir.html,infinix,note 40 5g,8go,256gb,black,,mytek,INSTOCK,999.000,2024-06-18
infinix-note405g,infinix-note405g-8go-256gb-titanium,Smartphone INFINIX Note 40 5G 8Go 256Go - Gold Titane,https://www.mytek.tn/smartphone-infinix-note-40-5g-8go-256go-gold-titane.html,infinix,note 40 5g,8go,256gb,titanium,,mytek,INSTOCK,999.000,2024-06-18
zte-nubianeo5g,zte-nubianeo5g-8go-256gb-yellow,Smartphone ZTE Nubia NEO 5G 8Go 256Go - Jaune,https://www.mytek.tn/smartphone-zte-nubia-neo-5g-8go-256go-jaune.html,zte,nubia neo 5g,8go,256gb,yellow,,mytek,INSTOCK,999.000,2024-06-18
zte-nubianeo5g,zte-nubianeo5g-8go-256gb-black,Smartphone ZTE Nubia NEO 5G 8Go 256Go - Noir,https://www.mytek.tn/smartphone-zte-nubia-neo-5g-8go-256go-noir.html,zte,nubia neo 5g,8go,256gb,black,,mytek,INSTOCK,999.000,2024-06-18
xiaomi-redminote13pro,xiaomi-redminote13pro-8go-256gb-violet,Smartphone XIAOMI Redmi Note 13 Pro 8Go 256Go - Violet,https://www.mytek.tn/smartphone-xiaomi-redmi-note-13-pro-8go-256go-violet.html,xiaomi,redmi note 13 pro,8go,256gb,violet,,mytek,INSTOCK,1149.000,2024-06-18
xiaomi-redminote13pro,xiaomi-redminote13pro-8go-256gb-black,Smartphone XIAOMI Redmi Note 13 Pro 8Go 256Go - Noir,https://www.mytek.tn/smartphone-xiaomi-redmi-note-13-pro-8go-256go-noir.html,xiaomi,redmi note 13 pro,8go,256gb,black,,mytek,INSTOCK,1149.000,2024-06-18
xiaomi-redminote13pro,xiaomi-redminote13pro-8go-256gb-forestgreen,Smartphone XIAOMI Redmi Note 13 Pro 8Go 256Go - Vert Forêt ,https://www.mytek.tn/smartphone-xiaomi-redmi-note-13-pro-8go-256go-vert-foret.html,xiaomi,redmi note 13 pro,8go,256gb,forest green,,mytek,INSTOCK,1149.000,2024-06-18
huawei-novay90,huawei-novay90-8go-128gb-blue,Smartphone HUAWEI Nova Y90 8Go 128Go - Bleu,https://www.mytek.tn/smartphone-huawei-nova-y90-8go-128g-bleu.html,huawei,nova y90,8go,128gb,blue,,mytek,INSTOCK,1149.000,2024-06-18
oppo-reno8t4g,oppo-reno8t4g-8go-256gb-orange,Smartphone OPPO Reno8 T 4G 8Go 256Go - Orange ,https://www.mytek.tn/smartphone-oppo-reno8-t-4g-8go-256go-orange.html,oppo,reno8 t 4g,8go,256gb,orange,,mytek,INSTOCK,1179.000,2024-06-18
oppo-reno8t4g,oppo-reno8t4g-8go-256gb-black,Smartphone OPPO Reno8 T 4G 8Go 256Go - Noir,https://www.mytek.tn/smartphone-oppo-reno8-t-4g-8go-256go-noir.html,oppo,reno8 t 4g,8go,256gb,black,,mytek,INSTOCK,1179.000,2024-06-18
samsung-galaxya255g,samsung-galaxya255g-6go-128gb-yellow,Smartphone SAMSUNG Galaxy A25 5G 6Go 128Go - Jaune ,https://www.mytek.tn/smartphone-samsung-galaxy-a25-5g-6go-128go-jaune.html,samsung,galaxy a25 5g,6go,128gb,yellow,,mytek,INSTOCK,1199.000,2024-06-18
samsung-galaxya255g,samsung-galaxya255g-6go-128gb-black&blue,Smartphone SAMSUNG Galaxy A25 5G 6Go 128Go Bleu - Noir ,https://www.mytek.tn/smartphone-samsung-galaxy-a25-5g-6go-128go-bleu-noir.html,samsung,galaxy a25 5g,6go,128gb,black&blue,,mytek,INSTOCK,1199.000,2024-06-18
samsung-galaxya255g,samsung-galaxya255g-6go-128gb-blue,Smartphone SAMSUNG Galaxy A25 5G 6Go 128Go - Bleu Clair,https://www.mytek.tn/smartphone-samsung-galaxy-a25-5g-6go-128go-bleu.html,samsung,galaxy a25 5g,6go,128gb,blue,clair,mytek,INSTOCK,1199.000,2024-06-18
oppo-a96,oppo-a96-8go-256gb-blue,Smartphone OPPO A96 8Go 256Go - Bleu,https://www.mytek.tn/smartphone-oppo-a96-8go-256g-bleu.html,oppo,a96,8go,256gb,blue,,mytek,INSTOCK,1199.000,2024-06-18
oppo-a96,oppo-a96-8go-256gb-black,Smartphone OPPO A96 8Go 256Go - Noir,https://www.mytek.tn/smartphone-oppo-a96-8go-256go-noir.html,oppo,a96,8go,256gb,black,,mytek,INSTOCK,1199.000,2024-06-18
infinix-note40pro5g,infinix-note40pro5g-12go-256gb-black,Smartphone INFINIX Note 40 Pro+ 5G 12Go 256Go Noir + Gift Box,https://www.mytek.tn/smartphone-infinix-note-40-pro-plus-5g-12go-256go-noir.html,infinix,note 40 pro 5g,12go,256gb,black,gift box,mytek,INSTOCK,1299.000,2024-06-18
infinix-note40pro5g,infinix-note40pro5g-12go-256gb-green,Smartphone INFINIX Note 40 Pro+ 5G 12Go 256Go Vert Vintage + Gift Box,https://www.mytek.tn/smartphone-infinix-note-40-pro-plus-5g-12go-256go-vert-vintage.html,infinix,note 40 pro 5g,12go,256gb,green,vintage gift box,mytek,INSTOCK,1299.000,2024-06-18
samsung-galaxya345g,samsung-galaxya345g-6go-128gb-limegreen,Smartphone SAMSUNG GALAXY A34 5G 6Go 128Go - Vert Lime ,https://www.mytek.tn/smartphone-samsung-galaxy-a34-5g-6go-128go-vert-lime.html,samsung,galaxy a34 5g,6go,128gb,lime green,,mytek,INSTOCK,1349.000,2024-06-18
samsung-galaxya345g,samsung-galaxya345g-6go-128gb-graphite,Smartphone SAMSUNG GALAXY A34 5G 6Go 128Go - Graphite ,https://www.mytek.tn/smartphone-samsung-galaxy-a34-5g-6go-128go-graphite.html,samsung,galaxy a34 5g,6go,128gb,graphite,,mytek,INSTOCK,1349.000,2024-06-18
oppo-reno11f5g,oppo-reno11f5g-8go-256gb-oceanblue,Smartphone OPPO Reno11 F 5G 8Go 256Go - Bleu Océan ,https://www.mytek.tn/smartphone-oppo-reno11-f-5g-8go-256go-bleu-ocean.html,oppo,reno11 f 5g,8go,256gb,ocean blue,,mytek,INSTOCK,1399.000,2024-06-18
oppo-reno11f5g,oppo-reno11f5g-8go-256gb-green,Smartphone OPPO Reno11 F 5G 8Go 256Go - Vert Palmier ,https://www.mytek.tn/smartphone-oppo-reno11-f-5g-8go-256go-vert-palmier.html,oppo,reno11 f 5g,8go,256gb,green,palmier,mytek,INSTOCK,1399.000,2024-06-18
xiaomi-redminote13pro,xiaomi-redminote13pro-12go-512gb-forestgreen,Smartphone XIAOMI Redmi Note 13 Pro 12Go 512Go - Vert Forêt ,https://www.mytek.tn/smartphone-xiaomi-redmi-note-13-pro-12go-512go-vert-foret.html,xiaomi,redmi note 13 pro,12go,512gb,forest green,,mytek,INSTOCK,1399.000,2024-06-18
xiaomi-redminote13pro,xiaomi-redminote13pro-12go-512gb-violet,Smartphone XIAOMI Redmi Note 13 Pro 12Go 512Go - Violet,https://www.mytek.tn/smartphone-xiaomi-redmi-note-13-pro-12go-512go-violet.html,xiaomi,redmi note 13 pro,12go,512gb,violet,,mytek,INSTOCK,1399.000,2024-06-18
samsung-galaxya255g,samsung-galaxya255g-8go-256gb-yellow,Smartphone SAMSUNG Galaxy A25 5G 8Go 256Go - Jaune,https://www.mytek.tn/smartphone-samsung-galaxy-a25-5g-8go-256go-jaune.html,samsung,galaxy a25 5g,8go,256gb,yellow,,mytek,INSTOCK,1399.000,2024-06-18
samsung-galaxya255g,samsung-galaxya255g-8go-256gb-black&blue,Smartphone SAMSUNG Galaxy A25 5G 8Go 256Go Bleu - Noir ,https://www.mytek.tn/smartphone-samsung-galaxy-a25-5g-8go-256go-bleu-noir.html,samsung,galaxy a25 5g,8go,256gb,black&blue,,mytek,INSTOCK,1399.000,2024-06-18
samsung-galaxya255g,samsung-galaxya255g-8go-256gb-blue,Smartphone SAMSUNG Galaxy A25 5G 8Go 256Go Bleu - Clair ,https://www.mytek.tn/smartphone-samsung-galaxy-a25-5g-8go-256go-bleu.html,samsung,galaxy a25 5g,8go,256gb,blue,clair,mytek,INSTOCK,1399.000,2024-06-18
xiaomi-redminote13pro,xiaomi-redminote13pro-12go-512gb-black,Smartphone XIAOMI Redmi Note 13 Pro 12Go 512Go - Noir,https://www.mytek.tn/smartphone-xiaomi-redmi-note-13-pro-12go-512go-noir.html,xiaomi,redmi note 13 pro,12go,512gb,black,,mytek,INSTOCK,1399.000,2024-06-18
oppo-reno74g,oppo-reno74g-8go-256gb-black,Smartphone OPPO Reno7 4G 8Go 256Go Noir + Abonnement Global 12 Mois,https://www.mytek.tn/smartphone-oppo-reno7-4g-8go-256go-noir.html,oppo,reno7 4g,8go,256gb,black,abonnement global 12 mois,mytek,INSTOCK,1449.000,2024-06-18
oppo-reno74g,oppo-reno74g-8go-256gb-orange,Smartphone OPPO Reno7 4G 8Go 256Go Orangé + Abonnement Global 12Mois,https://www.mytek.tn/smartphone-oppo-reno7-8go-256go-orange.html,oppo,reno7 4g,8go,256gb,orange,abonnement global 12mois,mytek,INSTOCK,1449.000,2024-06-18
samsung-galaxya345g,samsung-galaxya345g-8go-128gb-limegreen,Smartphone SAMSUNG GALAXY A34 5G 8Go 128Go - Vert Lime ,https://www.mytek.tn/smartphone-samsung-galaxy-a34-5g-8go-128go-vert-lime.html,samsung,galaxy a34 5g,8go,128gb,lime green,,mytek,INSTOCK,1449.000,2024-06-18
honor-x9b5g,honor-x9b5g-12go-256gb-orange,Smartphone HONOR X9B 5G 12Go 256Go - Orange ,https://www.mytek.tn/smartphone-honor-x9b-5g-12go-256go-orange.html,honor,x9b 5g,12go,256gb,orange,,mytek,INSTOCK,1479.000,2024-06-18
honor-x9b5g,honor-x9b5g-12go-256gb-green,Smartphone HONOR X9B 5G 12Go 256Go - Vert ,https://www.mytek.tn/smartphone-honor-x9b-5g-12go-256go-vert.html,honor,x9b 5g,12go,256gb,green,,mytek,INSTOCK,1479.000,2024-06-18
honor-x9b5g,honor-x9b5g-12go-256gb-black,Smartphone HONOR X9B 5G 12Go 256Go - Noir ,https://www.mytek.tn/smartphone-honor-x9b-5g-12go-256go-noir.html,honor,x9b 5g,12go,256gb,black,,mytek,INSTOCK,1479.000,2024-06-18
samsung-galaxya355g,samsung-galaxya355g-8go-128gb,Smartphone SAMSUNG GALAXY A35 5G 8Go 128Go - Lime,https://www.mytek.tn/smartphone-samsung-galaxy-a35-5g-8go-128go-lime.html,samsung,galaxy a35 5g,8go,128gb,,lime,mytek,INSTOCK,1499.000,2024-06-18
samsung-galaxya355g,samsung-galaxya355g-8go-128gb-blue,Smartphone SAMSUNG GALAXY A35 5G 8Go 128Go - Bleu Nuit,https://www.mytek.tn/smartphone-samsung-galaxy-a35-5g-8go-128go-bleu-nuit.html,samsung,galaxy a35 5g,8go,128gb,blue,nuit,mytek,INSTOCK,1499.000,2024-06-18
samsung-galaxya355g,samsung-galaxya355g-8go-128gb,Smartphone SAMSUNG GALAXY A35 5G 8Go 128Go - Lilas,https://www.mytek.tn/smartphone-samsung-galaxy-a35-5g-8go-128go-lilas.html,samsung,galaxy a35 5g,8go,128gb,,lilas,mytek,INSTOCK,1499.000,2024-06-18
samsung-galaxya355g,samsung-galaxya355g-8go-128gb-blue,Smartphone SAMSUNG GALAXY A35 5G 8Go 128Go - Bleu Glacier,https://www.mytek.tn/smartphone-samsung-galaxy-a35-5g-8go-128go-bleu-glacier.html,samsung,galaxy a35 5g,8go,128gb,blue,glacier,mytek,INSTOCK,1499.000,2024-06-18
vivo-v305g,vivo-v305g-12go-256gb-black,Smartphone VIVO V30 5G 12Go 256Go - Noir,https://www.mytek.tn/smartphone-vivo-v30-5g-12go-256go-noir.html,vivo,v30 5g,12go,256gb,black,,mytek,INSTOCK,1599.000,2024-06-18
vivo-v305g,vivo-v305g-12go-256gb-green,Smartphone VIVO V30 5G 12Go 256Go - Vert,https://www.mytek.tn/smartphone-vivo-v30-5g-12go-256go-vert.html,vivo,v30 5g,12go,256gb,green,,mytek,INSTOCK,1599.000,2024-06-18
oppo-reno8t5g,oppo-reno8t5g-8go-256gb-black,Smartphone OPPO Reno8 T 5G 8Go 256Go Noir + Abonnement 12 Mois,https://www.mytek.tn/smartphone-oppo-reno8-t-5g-8go-256go-noir.html,oppo,reno8 t 5g,8go,256gb,black,abonnement 12 mois,mytek,INSTOCK,1599.000,2024-06-18
oppo-reno8t5g,oppo-reno8t5g-8go-256gb-gold,Smartphone OPPO Reno8 T 5G 8Go 256Go Gold + Abonnement 12 Mois,https://www.mytek.tn/smartphone-oppo-reno8-t-5g-8go-256go-gold.html,oppo,reno8 t 5g,8go,256gb,gold,abonnement 12 mois,mytek,INSTOCK,1599.000,2024-06-18
xiaomi-redminote13pro5g,xiaomi-redminote13pro5g-8go-256gb-violet,Smartphone XIAOMI Redmi Note 13 Pro+ 5G 8Go 256Go - Violet,https://www.mytek.tn/smartphone-xiaomi-redmi-note-13-pro-plus-5g-8go-256go-violet.html,xiaomi,redmi note 13 pro 5g,8go,256gb,violet,,mytek,INSTOCK,1669.000,2024-06-18
xiaomi-redminote13pro5g,xiaomi-redminote13pro5g-8go-256gb-white,Smartphone XIAOMI Redmi Note 13 Pro+ 5G 8Go 256Go - Blanc,https://www.mytek.tn/smartphone-xiaomi-redmi-note-13-pro-plus-5g-8go-256go-blanc.html,xiaomi,redmi note 13 pro 5g,8go,256gb,white,,mytek,INSTOCK,1669.000,2024-06-18
xiaomi-redminote13pro5g,xiaomi-redminote13pro5g-8go-256gb-black,Smartphone XIAOMI Redmi Note 13 Pro+ 5G 8Go 256Go - Noir,https://www.mytek.tn/smartphone-xiaomi-redmi-note-13-pro-plus-5g-8go-256go-noir.html,xiaomi,redmi note 13 pro 5g,8go,256gb,black,,mytek,INSTOCK,1669.000,2024-06-18
samsung-galaxya545g,samsung-galaxya545g-8go-128gb-white,Smartphone SAMSUNG GALAXY A54 5G 8Go 128Go - Blanc ,https://www.mytek.tn/smartphone-samsung-galaxy-a54-5g-8go-128go-blanc.html,samsung,galaxy a54 5g,8go,128gb,white,,mytek,INSTOCK,1899.000,2024-06-18
honor-905g,honor-905g-12go-512gb-black,Smartphone HONOR 90 5G 12Go 512Go - Noir,https://www.mytek.tn/smartphone-honor-90-5g-12go-512go-noir.html,honor,90 5g,12go,512gb,black,,mytek,INSTOCK,1949.000,2024-06-18
xiaomi-redminote13pro5g,xiaomi-redminote13pro5g-12go-512gb-white,Smartphone XIAOMI Redmi Note 13 Pro+ 5G 12Go 512Go - Blanc,https://www.mytek.tn/smartphone-xiaomi-redmi-note-13-pro-plus-5g-12go-512go-blanc.html,xiaomi,redmi note 13 pro 5g,12go,512gb,white,,mytek,INSTOCK,1949.000,2024-06-18
xiaomi-redminote13pro5g,xiaomi-redminote13pro5g-12go-512gb-violet,Smartphone XIAOMI Redmi Note 13 Pro+ 5G 12Go 512Go - Violet,https://www.mytek.tn/smartphone-xiaomi-redmi-note-13-pro-plus-5g-12go-512go-violet.html,xiaomi,redmi note 13 pro 5g,12go,512gb,violet,,mytek,INSTOCK,1949.000,2024-06-18
xiaomi-redminote13pro5g,xiaomi-redminote13pro5g-12go-512gb-black,Smartphone XIAOMI Redmi Note 13 Pro+ 5G 12Go 512Go - Noir,https://www.mytek.tn/smartphone-xiaomi-redmi-note-13-pro-plus-5g-12go-512go-noir.html,xiaomi,redmi note 13 pro 5g,12go,512gb,black,,mytek,INSTOCK,1949.000,2024-06-18
honor-905g,honor-905g-12go-512gb-diamondsilver,Smartphone HONOR 90 5G 12Go 512Go Diamond - Silver,https://www.mytek.tn/smartphone-honor-90-5g-12go-512go-diamond-silver.html,honor,90 5g,12go,512gb,diamond silver,,mytek,INSTOCK,1949.000,2024-06-18
samsung-galaxya555g,samsung-galaxya555g-8go-256gb-blue,Smartphone SAMSUNG GALAXY A55 5G 8Go 256Go - Bleu Glacier,https://www.mytek.tn/smartphone-samsung-galaxy-a55-5g-8go-256go-bleu-glacier.html,samsung,galaxy a55 5g,8go,256gb,blue,glacier,mytek,INSTOCK,1999.000,2024-06-18
samsung-galaxya555g,samsung-galaxya555g-8go-256gb,Smartphone SAMSUNG GALAXY A55 5G 8Go 256Go - Lilas,https://www.mytek.tn/smartphone-samsung-galaxy-a55-5g-8go-256go-lilac.html,samsung,galaxy a55 5g,8go,256gb,,lilas,mytek,INSTOCK,1999.000,2024-06-18
samsung-galaxya555g,samsung-galaxya555g-8go-256gb,Smartphone SAMSUNG GALAXY A55 5G 8Go 256Go - Citron,https://www.mytek.tn/smartphone-samsung-galaxy-a55-5g-8go-256go-citron.html,samsung,galaxy a55 5g,8go,256gb,,citron,mytek,INSTOCK,1999.000,2024-06-18
samsung-galaxya555g,samsung-galaxya555g-8go-256gb-blue,Smartphone SAMSUNG GALAXY A55 5G 8Go 256Go - Bleu Marine,https://www.mytek.tn/smartphone-samsung-galaxy-a55-5g-8go-256go-bleu-marine.html,samsung,galaxy a55 5g,8go,256gb,blue,marine,mytek,INSTOCK,1999.000,2024-06-18
huawei-nova11,huawei-nova11-8go-256gb-green,Smartphone HUAWEI Nova 11 8Go 256Go - Vert,https://www.mytek.tn/smartphone-huawei-nova-11-8go-256g-vert.html,huawei,nova 11,8go,256gb,green,,mytek,INSTOCK,2199.000,2024-06-18
samsung-galaxys24,samsung-galaxys24-8go-256gb-black,Smartphone SAMSUNG GALAXY S24 8Go 256Go - Noir,https://www.mytek.tn/smartphone-samsung-galaxy-s24-8go-256go-noir.html,samsung,galaxy s24,8go,256gb,black,,mytek,INSTOCK,3999.000,2024-06-18
samsung-galaxys24,samsung-galaxys24-8go-256gb-violet,Smartphone SAMSUNG GALAXY S24 8Go 256Go - Violet,https://www.mytek.tn/smartphone-samsung-galaxy-s24-8go-256go-violet.html,samsung,galaxy s24,8go,256gb,violet,,mytek,INSTOCK,3999.000,2024-06-18
samsung-galaxys24,samsung-galaxys24-8go-256gb-amberyellow,Smartphone SAMSUNG GALAXY S24 8Go 256Go - Jaune Ambre,https://www.mytek.tn/smartphone-samsung-galaxy-s24-8go-256go-jaune-ambre.html,samsung,galaxy s24,8go,256gb,amber yellow,,mytek,INSTOCK,3999.000,2024-06-18
samsung-galaxys24,samsung-galaxys24-8go-256gb-grey,Smartphone SAMSUNG GALAXY S24 8Go 256Go - Gris,https://www.mytek.tn/smartphone-samsung-galaxy-s24-8go-256go-gris.html,samsung,galaxy s24,8go,256gb,grey,,mytek,INSTOCK,3999.000,2024-06-18
samsung-galaxys23plus,samsung-galaxys23plus-8go-256gb-beige,Smartphone SAMSUNG Galaxy S23 Plus 8Go 256Go - Beige,https://www.mytek.tn/smartphone-samsung-galaxy-s23-plus-8go-256go-beige.html,samsung,galaxy s23 plus,8go,256gb,beige,,mytek,INSTOCK,4299.000,2024-06-18
samsung-galaxys24,samsung-galaxys24-12go-256gb-black,Smartphone SAMSUNG GALAXY S24+ 12Go 256Go - Noir,https://www.mytek.tn/smartphone-samsung-galaxy-s24-plus-12go-256go-noir.html,samsung,galaxy s24,12go,256gb,black,,mytek,INSTOCK,4499.000,2024-06-18
samsung-galaxys24,samsung-galaxys24-12go-256gb-violet,Smartphone SAMSUNG GALAXY S24+ 12Go 256Go - Violet,https://www.mytek.tn/smartphone-samsung-galaxy-s24-plus-12go-256go-violet.html,samsung,galaxy s24,12go,256gb,violet,,mytek,INSTOCK,4499.000,2024-06-18
samsung-galaxys24,samsung-galaxys24-12go-256gb-grey,Smartphone SAMSUNG GALAXY S24+ 12Go 256Go - Gris,https://www.mytek.tn/smartphone-samsung-galaxy-s24-plus-12go-256go-gris.html,samsung,galaxy s24,12go,256gb,grey,,mytek,INSTOCK,4499.000,2024-06-18
