reference_global,reference_detail,ad_title,ad_url,marque,modele,ram,stockage,couleur,options,shop,ad_stocks,ad_price,date_scrapy
samsung-galaxya355g,samsung-galaxya355g-8go-128gb,Galaxy A35 5G (8/128Go),https://www.samsungshop.tn/galaxy-a/2031-3855-galaxy-a35-5g-prix-tunisie.html#/11-couleur-noir,samsung,galaxy a35 5g,8go,128gb,,,samsungshop,INSTOCK,1499.000,2024-06-18
samsung-galaxya555g,samsung-galaxya555g-8go-256gb,Galaxy A55 5G (8/256Go),https://www.samsungshop.tn/galaxy-a/2030-3830-samsung-galaxy-a55-prix-tunisie.html#/14-couleur-bleu,samsung,galaxy a55 5g,8go,256gb,,,samsungshop,INSTOCK,1999.000,2024-06-18
samsung-galaxya255g,samsung-galaxya255g-8go-256gb,Galaxy A25 5G (8/256Go),https://www.samsungshop.tn/galaxy-a/2009-3749-galaxy-a25-prix-tunisie.html#/14-couleur-bleu,samsung,galaxy a25 5g,8go,256gb,,,samsungshop,INSTOCK,1399.000,2024-06-18
samsung-galaxya255g,samsung-galaxya255g-6go-128gb,Galaxy A25 5G (6/128Go),https://www.samsungshop.tn/galaxy-a/2008-3746-galaxy-a25-5g-6128go.html#/46-couleur-jaune,samsung,galaxy a25 5g,6go,128gb,,,samsungshop,INSTOCK,1199.000,2024-06-18
samsung-galaxya15,samsung-galaxya15-8go-256gb,Galaxy A15 (8/256Go),https://www.samsungshop.tn/galaxy-a/2007-3758-galaxy-a15-prix-tunisie.html#/14-couleur-bleu,samsung,galaxy a15,8go,256gb,,,samsungshop,INSTOCK,949.000,2024-06-18
samsung-galaxya15,samsung-galaxya15-6go-128gb,Galaxy A15 (6/128Go),https://www.samsungshop.tn/galaxy-a/2006-3756-galaxy-a15-6128go.html#/14-couleur-bleu,samsung,galaxy a15,6go,128gb,,,samsungshop,INSTOCK,749.000,2024-06-18
samsung-galaxya15,samsung-galaxya15-4go-128gb,Galaxy A15 (4/128Go),https://www.samsungshop.tn/galaxy-a/2005-3754-galaxy-a15-4128go.html#/54-couleur-bleu_noir,samsung,galaxy a15,4go,128gb,,,samsungshop,INSTOCK,699.000,2024-06-18
samsung-galaxya05s,samsung-galaxya05s-6go-128gb,Galaxy A05s (6/128Go),https://www.samsungshop.tn/galaxy-a/1979-3716-galaxy-a05s-6128go.html#/28-couleur-silver,samsung,galaxy a05s,6go,128gb,,,samsungshop,INSTOCK,649.000,2024-06-18
samsung-galaxya05s,samsung-galaxya05s-4go-128gb,Galaxy A05s (4/128Go),https://www.samsungshop.tn/galaxy-a/1978-3720-galaxy-a05s-4128go.html#/41-couleur-violet,samsung,galaxy a05s,4go,128gb,,,samsungshop,INSTOCK,599.000,2024-06-18
samsung-galaxys24,samsung-galaxys24,Galaxy S24,https://www.samsungshop.tn/galaxy-s-prix-tunisie/1976-3710-galaxy-s24-tunisie.html#/46-couleur-jaune,samsung,galaxy s24,,,,,samsungshop,INSTOCK,3999.000,2024-06-18
samsung-galaxys24plus,samsung-galaxys24plus,Galaxy S24 Plus,https://www.samsungshop.tn/galaxy-s-prix-tunisie/1974-3706-galaxy-s24-plus.html#/41-couleur-violet,samsung,galaxy s24 plus,,,,,samsungshop,INSTOCK,4599.000,2024-06-18
samsung-galaxys24ultra,samsung-galaxys24ultra,Galaxy S24 Ultra,https://www.samsungshop.tn/galaxy-s-prix-tunisie/1972-3704-galaxy-s24-ultra-prix-tunisie.html#/44-couleur-gris,samsung,galaxy s24 ultra,,,,,samsungshop,INSTOCK,5999.000,2024-06-18
samsung-galaxya05,samsung-galaxya05-6go-128gb,Galaxy A05 (6/128 Go),https://www.samsungshop.tn/galaxy-a/1962-3695-galaxy-a05-6128-go-PRIX-TUNISIE.html#/11-couleur-noir,samsung,galaxy a05,6go,128gb,,,samsungshop,INSTOCK,549.000,2024-06-18
samsung-galaxya05,samsung-galaxya05-4go-128gb,Galaxy A05 (4/128 Go),https://www.samsungshop.tn/galaxy-a/1961-3692-galaxy-a05-4128-go-prix-tunisie.html#/28-couleur-silver,samsung,galaxy a05,4go,128gb,,,samsungshop,INSTOCK,479.000,2024-06-18
samsung-galaxys23fe,samsung-galaxys23fe,Galaxy S23 FE,https://www.samsungshop.tn/smartphone-samsung-galaxy/1939-3653-galaxy-s23-fe-prix-tunisie.html#/15-couleur-vert_emeraude_green_emerald,samsung,galaxy s23 fe,,,,,samsungshop,INSTOCK,2999.000,2024-06-18
samsung-galaxya05,samsung-galaxya05-4go-64gb,Galaxy A05 (4/64 Go),https://www.samsungshop.tn/galaxy-a/1937-3649-galaxy-a05-prix-tunisie.html#/11-couleur-noir,samsung,galaxy a05,4go,64gb,,,samsungshop,INSTOCK,439.000,2024-06-18
samsung-galaxyzfold5,samsung-galaxyzfold5,Galaxy Z Fold5,https://www.samsungshop.tn/galaxy-z-prix-tunisie/1892-3543-samsung-galaxy-z-fold-5-prix-tunisie.html#/14-couleur-bleu,samsung,galaxy z fold5,,,,,samsungshop,INSTOCK,7999.000,2024-06-18
samsung-galaxyzflip5,samsung-galaxyzflip5,Galaxy Z Flip5,https://www.samsungshop.tn/galaxy-z-prix-tunisie/1891-samsung-galaxy-z-flip-5-prix-tunisie.html,samsung,galaxy z flip5,,,,,samsungshop,INSTOCK,4599.000,2024-06-18
samsung-galaxya24,samsung-galaxya24-8go-128gb,Galaxy A24 (8/128 GO),https://www.samsungshop.tn/galaxy-a/1862-3464-galaxy-a24-8128-go-prix-tunisie.html#/11-couleur-noir,samsung,galaxy a24,8go,128gb,,,samsungshop,INSTOCK,1179.000,2024-06-18
samsung-galaxya24,samsung-galaxya24-6go-128gb,Galaxy A24 (6/128 GO),https://www.samsungshop.tn/galaxy-a/1861-3462-galaxy-a24-6128-go.html#/15-couleur-vert_emeraude_green_emerald,samsung,galaxy a24,6go,128gb,,,samsungshop,INSTOCK,1079.000,2024-06-18
samsung-galaxya24,samsung-galaxya24-4go-128gb,Galaxy A24 (4/128 GO),https://www.samsungshop.tn/galaxy-a/1860-3458-galaxy-a24-4128-go-prix-tunisie.html#/28-couleur-silver,samsung,galaxy a24,4go,128gb,,,samsungshop,INSTOCK,989.000,2024-06-18
samsung-galaxya545g,samsung-galaxya545g-6go-128gb,Galaxy A54 5G (6/128 Go),https://www.samsungshop.tn/galaxy-a/1854-3443-galaxy-a54-5g-6128-go-prix-tunisie.html#/48-couleur-mauve_orchidee,samsung,galaxy a54 5g,6go,128gb,,,samsungshop,INSTOCK,1889.000,2024-06-18
samsung-galaxya345g,samsung-galaxya345g-8go-128gb,Galaxy A34 5G (8/128 GO),https://www.samsungshop.tn/galaxy-a/1853-3440-galaxy-a34-5g-8128-go-prix-tunisie.html#/15-couleur-vert_emeraude_green_emerald,samsung,galaxy a34 5g,8go,128gb,,,samsungshop,INSTOCK,1589.000,2024-06-18
samsung-galaxya345g,samsung-galaxya345g-6go-128gb,Galaxy A34 5G (6/128 GO),https://www.samsungshop.tn/galaxy-a/1852-3437-galaxy-a34-prix-tunisie.html#/15-couleur-vert_emeraude_green_emerald,samsung,galaxy a34 5g,6go,128gb,,,samsungshop,INSTOCK,1489.000,2024-06-18
samsung-galaxya545g,samsung-galaxya545g-8go-128gb,Galaxy A54 5G (8/128 Go),https://www.samsungshop.tn/galaxy-a/1851-3431-galaxy-a54-5g-prix-tunisie.html#/15-couleur-vert_emeraude_green_emerald,samsung,galaxy a54 5g,8go,128gb,,,samsungshop,INSTOCK,1989.000,2024-06-18
samsung-galaxya14,samsung-galaxya14-6go-128gb,Galaxy A14 (6/128Go),https://www.samsungshop.tn/galaxy-a/1840-3401-galaxy-a14-464go-prix-tunisie.html#/15-couleur-vert_emeraude_green_emerald,samsung,galaxy a14,6go,128gb,,,samsungshop,INSTOCK,899.000,2024-06-18
samsung-galaxya14,samsung-galaxya14-4go-128gb,Galaxy A14 (4/128Go),https://www.samsungshop.tn/galaxy-a/1839-3398-galaxy-a14-4128go-prix-tunisie.html#/28-couleur-silver,samsung,galaxy a14,4go,128gb,,,samsungshop,INSTOCK,818.000,2024-06-18
samsung-galaxya04e,samsung-galaxya04e-3go-64gb,Galaxy A04e (3/64Go),https://www.samsungshop.tn/galaxy-a/1830-3361-galaxy-a04e-3-64go-prix-tunisie.html#/14-couleur-bleu,samsung,galaxy a04e,3go,64gb,,,samsungshop,INSTOCK,489.000,2024-06-18
samsung-galaxys23,samsung-galaxys23,Samsung Galaxy S23,https://www.samsungshop.tn/galaxy-s-prix-tunisie/1827-3352-samsung-galaxy-s23-prix-tunisie.html#/46-couleur-jaune,samsung,galaxy s23,,,,,samsungshop,INSTOCK,3989.000,2024-06-18
samsung-galaxya04s,samsung-galaxya04s-4go-128gb,Galaxy A04S (4/128Go),https://www.samsungshop.tn/galaxy-a/1819-3314-galaxy-a04s-4-128go-prix-tunisie.html#/11-couleur-noir,samsung,galaxy a04s,4go,128gb,,,samsungshop,INSTOCK,599.000,2024-06-18
samsung-galaxya14,samsung-galaxya14-4go-64gb,Galaxy A14 (4/64Go),https://www.samsungshop.tn/galaxy-a/1817-3396-galaxy-a14-prix-tunisie.html#/28-couleur-silver,samsung,galaxy a14,4go,64gb,,,samsungshop,INSTOCK,639.000,2024-06-18
samsung-galaxya04,samsung-galaxya04-4go-64gb,Galaxy A04 (4/64Go),https://www.samsungshop.tn/galaxy-a/1807-3290-samsung-a04-prix-tunisie.html#/11-couleur-noir,samsung,galaxy a04,4go,64gb,,,samsungshop,INSTOCK,449.000,2024-06-18
samsung-galaxya04,samsung-galaxya04-3go-32gb,Galaxy A04 (3/32Go),https://www.samsungshop.tn/galaxy-a/1806-3286-galaxy-a04-3-32go-prix-tunisie.html#/42-couleur-rose_gold,samsung,galaxy a04,3go,32gb,,,samsungshop,INSTOCK,399.000,2024-06-18
samsung-galaxya04e,samsung-galaxya04e-3go-32gb,Galaxy A04e (3/32Go),https://www.samsungshop.tn/galaxy-a/1805-3285-galaxy-a04e-3-32go-prix-tunisie.html#/14-couleur-bleu,samsung,galaxy a04e,3go,32gb,,,samsungshop,INSTOCK,449.000,2024-06-18
samsung-galaxyzfold4,samsung-galaxyzfold4,Galaxy Z Fold4,https://www.samsungshop.tn/galaxy-z-prix-tunisie/1735-3081-galaxy-z-fold4-prix-tunisie.html#/11-couleur-noir,samsung,galaxy z fold4,,,,,samsungshop,INSTOCK,7289.000,2024-06-18
samsung-galaxya03,samsung-galaxya03-4go-128gb,Galaxy A03 (4/128GO),https://www.samsungshop.tn/galaxy-a/1678-2945-galaxy-a03-128go-prix-tunisie.html#/33-couleur-rouge,samsung,galaxy a03,4go,128gb,,,samsungshop,INSTOCK,499.000,2024-06-18
samsung-galaxys22ultra5g,samsung-galaxys22ultra5g,Galaxy S22 Ultra 5G,https://www.samsungshop.tn/galaxy-s-prix-tunisie/1648-2869-galaxy-s22-ultra-5g-prix-tunisie.html#/15-couleur-vert_emeraude_green_emerald,samsung,galaxy s22 ultra 5g,,,,,samsungshop,INSTOCK,4999.000,2024-06-18
samsung-galaxys22plus5g,samsung-galaxys22plus5g,Galaxy S22 Plus 5G,https://www.samsungshop.tn/galaxy-s-prix-tunisie/1647-2865-galaxy-s22-plus-5g-prix-tunisie.html#/11-couleur-noir,samsung,galaxy s22 plus 5g,,,,,samsungshop,INSTOCK,4139.000,2024-06-18
samsung-galaxya524g,samsung-galaxya524g,Galaxy A52 4G,https://www.samsungshop.tn/galaxy-a/1459-2394--galaxy-a52-4g-prix-tunisie.html#/48-couleur-mauve_orchidee,samsung,galaxy a52 4g,,,,,samsungshop,INSTOCK,1349.000,2024-06-18
samsung-galaxys21plus5g,samsung-galaxys21plus5g,Galaxy S21 plus 5G,https://www.samsungshop.tn/galaxy-s-prix-tunisie/1407-2250-galaxy-s21-plus-5g-tunisie.html#/28-couleur-silver,samsung,galaxy s21 plus 5g,,,,,samsungshop,INSTOCK,4459.000,2024-06-18
samsung-galaxys20,samsung-galaxys20,Samsung Galaxy S20,https://www.samsungshop.tn/galaxy-s-prix-tunisie/1372-2219-samsung-galaxy-s20-tunisie.html#/35-couleur-rose,samsung,galaxy s20,,,,,samsungshop,INSTOCK,2899.000,2024-06-18
samsung-galaxys20plus,samsung-galaxys20plus,Samsung Galaxy S20 Plus,https://www.samsungshop.tn/galaxy-s-prix-tunisie/1371-2218-samsung-galaxy-s20-tunisie.html#/49-couleur-midnight_black,samsung,galaxy s20 plus,,,,,samsungshop,INSTOCK,3479.000,2024-06-18
samsung-galaxys20ultra,samsung-galaxys20ultra,Galaxy S20 Ultra,https://www.samsungshop.tn/galaxy-s-prix-tunisie/1370-2215-samsung-galaxy-s20-ultra-prix-tunsie.html#/44-couleur-gris,samsung,galaxy s20 ultra,,,,,samsungshop,INSTOCK,3498.000,2024-06-18
samsung-galaxys20fe,samsung-galaxys20fe,Samsung Galaxy S20 FE,https://www.samsungshop.tn/galaxy-s-prix-tunisie/1350-2162-samsung-galaxy-s20-fe-tunisie.html#/33-couleur-rouge,samsung,galaxy s20 fe,,,,,samsungshop,INSTOCK,2184.000,2024-06-18
samsung-galaxynote20,samsung-galaxynote20,Samsung Galaxy Note 20,https://www.samsungshop.tn/galaxy-note/1306-2110-samsung-galaxy-note-20-tunisie.html#/15-couleur-vert_emeraude_green_emerald,samsung,galaxy note 20,,,,,samsungshop,INSTOCK,3499.000,2024-06-18
samsung-galaxynote20ultra,samsung-galaxynote20ultra,Samsung Galaxy Note 20 Ultra,https://www.samsungshop.tn/galaxy-note/1299-2100-samsung-galaxy-note-20-ultra-tunisie.html#/6-couleur-bronze,samsung,galaxy note 20 ultra,,,,,samsungshop,INSTOCK,3750.000,2024-06-18
samsung-galaxya31,samsung-galaxya31,Galaxy A31,https://www.samsungshop.tn/galaxy-a/1276-2063-galaxy-a31-prix-tunisie.html#/8-couleur-blanc,samsung,galaxy a31,,,,,samsungshop,INSTOCK,899.000,2024-06-18
samsung-galaxya01,samsung-galaxya01,Galaxy A01,https://www.samsungshop.tn/galaxy-a/1265-2042-galaxy-a01-prix-tunisie.html#/14-couleur-bleu,samsung,galaxy a01,,,,,samsungshop,INSTOCK,399.000,2024-06-18
samsung-galaxya10s,samsung-galaxya10s,Galaxy A10s,https://www.samsungshop.tn/galaxy-a/1205-1932-galaxy-a10s-samsung-tunisie-prix.html#/11-couleur-noir,samsung,galaxy a10s,,,,,samsungshop,INSTOCK,499.000,2024-06-18
samsung-galaxya04,samsung-galaxya04-4go-128gb,Galaxy A04 (4/128Go),https://www.samsungshop.tn/galaxy-a/1936-3646-galaxy-a04-4128go-prix-tunisie.html#/11-couleur-noir,samsung,galaxy a04,4go,128gb,,,samsungshop,INSTOCK,489.000,2024-06-18
samsung-galaxyzfold4bundle,samsung-galaxyzfold4bundle,Galaxy Z Fold4 bundle,https://www.samsungshop.tn/accueil/1863-galaxy-z-fold4-bundle-prix-tunisie.html,samsung,galaxy z fold4 bundle,,,,,samsungshop,INSTOCK,8200.000,2024-06-18
samsung-galaxys23ultra,samsung-galaxys23ultra,Samsung Galaxy S23 Ultra,https://www.samsungshop.tn/galaxy-s-prix-tunisie/1829-3351-samsung-galaxy-s23-ultra-prix-tunisie.html#/15-couleur-vert_emeraude_green_emerald,samsung,galaxy s23 ultra,,,,,samsungshop,INSTOCK,5389.000,2024-06-18
samsung-galaxys23plus,samsung-galaxys23plus,Samsung Galaxy S23 Plus,https://www.samsungshop.tn/galaxy-s-prix-tunisie/1828-3346-samsung-galaxy-s23-plus-prix-tunisie.html#/48-couleur-mauve_orchidee,samsung,galaxy s23 plus,,,,,samsungshop,INSTOCK,4589.000,2024-06-18
samsung-galaxya04s,samsung-galaxya04s-4go-64gb,Galaxy A04S (4/64Go),https://www.samsungshop.tn/galaxy-a/1793-3249-galaxy-a04s-64-go-prix-tunisie.html#/11-couleur-noir,samsung,galaxy a04s,4go,64gb,,,samsungshop,INSTOCK,599.000,2024-06-18
samsung-galaxya04s,samsung-galaxya04s-3go-32gb,Galaxy A04S (3/32Go),https://www.samsungshop.tn/galaxy-a/1792-3247-galaxy-a04s-32-go-prix-tunisie.html#/8-couleur-blanc,samsung,galaxy a04s,3go,32gb,,,samsungshop,INSTOCK,619.000,2024-06-18
samsung-galaxyzflip4,samsung-galaxyzflip4-256gb,Galaxy Z Flip4 (256Go),https://www.samsungshop.tn/galaxy-z-prix-tunisie/1762-3165-galaxy-z-flip4-256go-prix-tunisie.html#/48-couleur-mauve_orchidee,samsung,galaxy z flip4,,256gb,,,samsungshop,INSTOCK,4189.000,2024-06-18
samsung-galaxyzflip4,samsung-galaxyzflip4,Galaxy Z Flip4,https://www.samsungshop.tn/galaxy-z-prix-tunisie/1734-3080-samsung-z-flip-4-tunisie.html#/48-couleur-mauve_orchidee,samsung,galaxy z flip4,,,,,samsungshop,INSTOCK,3899.000,2024-06-18
samsung-galaxya335g,samsung-galaxya335g-8go-128gb,Galaxy A33 (8/128Go) 5G,https://www.samsungshop.tn/galaxy-a/1687-2973-galaxy-a33-5g-128go-prix-tunisie.html#/14-couleur-bleu,samsung,galaxy a33 5g,8go,128gb,,,samsungshop,INSTOCK,1699.000,2024-06-18
samsung-galaxya735g,samsung-galaxya735g-128gb,Galaxy A73 (128 GO) 5G,https://www.samsungshop.tn/galaxy-a/1686-2970-galaxy-a73-128-go-5g-prix-tunisie.html#/43-couleur-menthe,samsung,galaxy a73 5g,,128gb,,,samsungshop,INSTOCK,2299.000,2024-06-18
samsung-galaxya735g,samsung-galaxya735g-256gb,Galaxy A73 (256 GO) 5G,https://www.samsungshop.tn/galaxy-a/1685-2967-galaxy-a73-256-go-5g-prix-tunisie.html#/43-couleur-menthe,samsung,galaxy a73 5g,,256gb,,,samsungshop,INSTOCK,2599.000,2024-06-18
samsung-galaxya23,samsung-galaxya23-6go-128gb,Galaxy A23 (6/128Go),https://www.samsungshop.tn/galaxy-a/1680-2952-galaxy-a23-prix-tunisie.html#/11-couleur-noir,samsung,galaxy a23,6go,128gb,,,samsungshop,INSTOCK,1289.000,2024-06-18
samsung-galaxya23,samsung-galaxya23-4go-128gb,Galaxy A23 (4/128Go),https://www.samsungshop.tn/galaxy-a/1679-2949-galaxy-a23-128go-prix-tunisie.html#/11-couleur-noir,samsung,galaxy a23,4go,128gb,,,samsungshop,INSTOCK,1189.000,2024-06-18
samsung-galaxya23,samsung-galaxya23-4go-64gb,Galaxy A23 (4/64Go),https://www.samsungshop.tn/galaxy-a/1677-2939-galaxy-a23-64go-prix-tunisie.html#/11-couleur-noir,samsung,galaxy a23,4go,64gb,,,samsungshop,INSTOCK,929.000,2024-06-18
samsung-galaxya03,samsung-galaxya03-4go-64gb,Galaxy A03 (4/64GO),https://www.samsungshop.tn/galaxy-a/1676-2938-galaxy-a03-64go-prix-tunisie.html#/11-couleur-noir,samsung,galaxy a03,4go,64gb,,,samsungshop,INSTOCK,569.000,2024-06-18
samsung-galaxya03,samsung-galaxya03-3go-32gb,Galaxy A03 (3/32GO),https://www.samsungshop.tn/galaxy-a/1675-2934-galaxy-a03-32go-prix-tunisie.html#/11-couleur-noir,samsung,galaxy a03,3go,32gb,,,samsungshop,INSTOCK,445.000,2024-06-18
samsung-galaxya13,samsung-galaxya13-4go-128gb,Galaxy A13 (4/128GO),https://www.samsungshop.tn/galaxy-a/1674-2933-galaxy-a13-prix-tunisie.html#/11-couleur-noir,samsung,galaxy a13,4go,128gb,,,samsungshop,INSTOCK,828.000,2024-06-18
samsung-galaxya535g,samsung-galaxya535g-256gb,Galaxy A53 (256 GO) 5G,https://www.samsungshop.tn/galaxy-a/1673-2929-galaxy-a53-256-go-5g-prix-tunisie.html#/14-couleur-bleu,samsung,galaxy a53 5g,,256gb,,,samsungshop,INSTOCK,2049.000,2024-06-18
samsung-galaxya335g,samsung-galaxya335g-6go-128gb,Galaxy A33 (6/128Go) 5G,https://www.samsungshop.tn/galaxy-a/1662-2900-galaxy-a33-5g-prix-tunisie.html#/25-couleur-orange,samsung,galaxy a33 5g,6go,128gb,,,samsungshop,INSTOCK,1599.000,2024-06-18
samsung-galaxya13,samsung-galaxya13-4go-64gb,Galaxy A13 (4/64GO),https://www.samsungshop.tn/galaxy-a/1661-2894-galaxy-a13-64go-prix-tunisie.html#/11-couleur-noir,samsung,galaxy a13,4go,64gb,,,samsungshop,INSTOCK,788.000,2024-06-18
samsung-galaxya535g,samsung-galaxya535g-128gb,Galaxy A53 (128GO) 5G,https://www.samsungshop.tn/galaxy-a/1660-2893-galaxy-a53-5g-prix-tunisie.html#/14-couleur-bleu,samsung,galaxy a53 5g,,128gb,,,samsungshop,INSTOCK,1949.000,2024-06-18
samsung-galaxys225g,samsung-galaxys225g,Galaxy S22 5G,https://www.samsungshop.tn/galaxy-s-prix-tunisie/1635-2921-galaxy-s22-5g-prix-tunisie.html#/15-couleur-vert_emeraude_green_emerald,samsung,galaxy s22 5g,,,,,samsungshop,INSTOCK,3579.000,2024-06-18
samsung-galaxya224g,samsung-galaxya224g-6go-128gb,Galaxy A22 4G (6Go / 128 Go),https://www.samsungshop.tn/galaxy-a/1632-2828-galaxy-a22-4g-6go-128-go-prix-tunisie.html#/11-couleur-noir,samsung,galaxy a22 4g,6go,128gb,,,samsungshop,INSTOCK,989.000,2024-06-18
samsung-galaxya03core,samsung-galaxya03core,Galaxy A03 Core,https://www.samsungshop.tn/galaxy-a/1626-2816-galaxy-a03-core-prix-tunisie.html#/14-couleur-bleu,samsung,galaxy a03 core,,,,,samsungshop,INSTOCK,409.000,2024-06-18
samsung-galaxys21fe5g,samsung-galaxys21fe5g,Samsung Galaxy S21 FE 5G,https://www.samsungshop.tn/galaxy-s-prix-tunisie/1621-2806-samsung-galaxy-s21-fe-5g-prix-tunisie.html#/41-couleur-violet,samsung,galaxy s21 fe 5g,,,,,samsungshop,INSTOCK,2859.000,2024-06-18
samsung-galaxya225g,samsung-galaxya225g-64gb,Galaxy A22 5G (64Go),https://www.samsungshop.tn/galaxy-a/1618-2797-galaxy-a22-5g-64go-prix-tunisie.html#/41-couleur-violet,samsung,galaxy a22 5g,,64gb,,,samsungshop,INSTOCK,749.000,2024-06-18
samsung-galaxya52s5g,samsung-galaxya52s5g,Galaxy A52s 5G,https://www.samsungshop.tn/galaxy-a/1587-2703-galaxy-a52s-5g-prix-tunisie.html#/11-couleur-noir,samsung,galaxy a52s 5g,,,,,samsungshop,INSTOCK,1599.000,2024-06-18
samsung-galaxya03s,samsung-galaxya03s-64gb,Galaxy A03s (64Go),https://www.samsungshop.tn/galaxy-a/1586-2702-galaxy-a03s-64go-prix-tunisie.html#/11-couleur-noir,samsung,galaxy a03s,,64gb,,,samsungshop,INSTOCK,599.000,2024-06-18
samsung-galaxya03s,samsung-galaxya03s-32gb,Galaxy A03s (32Go),https://www.samsungshop.tn/galaxy-a/1585-2701-galaxy-a03s-32go-prix-tunisie.html#/11-couleur-noir,samsung,galaxy a03s,,32gb,,,samsungshop,INSTOCK,539.000,2024-06-18
samsung-galaxyzflip5g,samsung-galaxyzflip5g-3go,Galaxy Z Flip 3 5G,https://www.samsungshop.tn/galaxy-z-prix-tunisie/1547-2608-galaxy-z-flip-3-5g-prix-tunisie.html#/34-couleur-gold,samsung,galaxy z flip 5g,3go,,,,samsungshop,INSTOCK,3199.000,2024-06-18
samsung-galaxyzfold35g,samsung-galaxyzfold35g,Galaxy Z Fold3 5G,https://www.samsungshop.tn/galaxy-z-prix-tunisie/1546-2603-galaxy-z-fold-3-5g-tunisie-prix.html#/11-couleur-noir,samsung,galaxy z fold3 5g,,,,,samsungshop,INSTOCK,6299.000,2024-06-18
samsung-galaxya224g,samsung-galaxya224g-128gb,Galaxy A22 4G (128 Go),https://www.samsungshop.tn/galaxy-a/1538-2590-galaxy-a22-4g-128-go.html#/11-couleur-noir,samsung,galaxy a22 4g,,128gb,,,samsungshop,INSTOCK,899.000,2024-06-18
samsung-galaxya22,samsung-galaxya22-64gb,Galaxy A22 (64Go),https://www.samsungshop.tn/galaxy-a/1531-2578-galaxy-a22-tunisie-prix.html#/11-couleur-noir,samsung,galaxy a22,,64gb,,,samsungshop,INSTOCK,849.000,2024-06-18
samsung-galaxya02,samsung-galaxya02-64gb,Galaxy A02 (64Go),https://www.samsungshop.tn/galaxy-a/1461-2402-galaxy-a02-64go-tunisie.html#/14-couleur-bleu,samsung,galaxy a02,,64gb,,,samsungshop,INSTOCK,499.000,2024-06-18
samsung-galaxya02,samsung-galaxya02-32gb,Galaxy A02 (32Go),https://www.samsungshop.tn/galaxy-a/1460-2400-galaxy-a02-32go-tunisie.html#/33-couleur-rouge,samsung,galaxy a02,,32gb,,,samsungshop,INSTOCK,469.000,2024-06-18
samsung-galaxya724g,samsung-galaxya724g,Galaxy A72 4G,https://www.samsungshop.tn/galaxy-a/1458-2390-galaxy-a72-4g-prix-tunisie.html#/11-couleur-noir,samsung,galaxy a72 4g,,,,,samsungshop,INSTOCK,1649.000,2024-06-18
samsung-galaxya02s,samsung-galaxya02s-64gb,Samsung Galaxy A02s (64GO),https://www.samsungshop.tn/galaxy-a/1450-2486-samsung-galaxy-a02s-64go-tunisie.html#/33-couleur-rouge,samsung,galaxy a02s,,64gb,,,samsungshop,INSTOCK,479.000,2024-06-18
samsung-galaxya02s,samsung-galaxya02s-32gb,Samsung Galaxy A02s  (32GO),https://www.samsungshop.tn/galaxy-a/1449-2365-samsung-galaxy-a02s-tunisie.html#/14-couleur-bleu,samsung,galaxy a02s,,32gb,,,samsungshop,INSTOCK,429.000,2024-06-18
samsung-galaxya324g,samsung-galaxya324g,Samsung Galaxy A32 4G,https://www.samsungshop.tn/galaxy-a/1448-2363-samsung-galaxy-a32-prix-tunisie.html#/11-couleur-noir,samsung,galaxy a32 4g,,,,,samsungshop,INSTOCK,1129.000,2024-06-18
samsung-galaxya12,samsung-galaxya12-128gb,Galaxy A12 128GO,https://www.samsungshop.tn/galaxy-a/1432-2330-galaxy-a12-128go-tunisie.html#/14-couleur-bleu,samsung,galaxy a12,,128gb,,,samsungshop,INSTOCK,729.000,2024-06-18
samsung-galaxya12,samsung-galaxya12-64gb,Galaxy A12 64GO,https://www.samsungshop.tn/galaxy-a/1431-2328-samsung-a12-prix-tunisie.html#/11-couleur-noir,samsung,galaxy a12,,64gb,,,samsungshop,INSTOCK,679.000,2024-06-18
samsung-galaxys21ultra5g,samsung-galaxys21ultra5g,Galaxy S21 Ultra 5G,https://www.samsungshop.tn/galaxy-s-prix-tunisie/1408-2253-galaxy-s21-ultra-5g-prix-tunisie.html#/44-couleur-gris,samsung,galaxy s21 ultra 5g,,,,,samsungshop,INSTOCK,4299.000,2024-06-18
samsung-galaxys215g,samsung-galaxys215g,Galaxy S21 5G,https://www.samsungshop.tn/galaxy-s-prix-tunisie/1406-2247-galaxy-s21-5g-prix-tunisie.html#/44-couleur-gris,samsung,galaxy s21 5g,,,,,samsungshop,INSTOCK,3699.000,2024-06-18
samsung-galaxyzfold2,samsung-galaxyzfold2,Galaxy Z Fold2,https://www.samsungshop.tn/galaxy-z-prix-tunisie/1356-2179-galaxy-z-fold-2-tunisie.html#/49-couleur-midnight_black,samsung,galaxy z fold2,,,,,samsungshop,INSTOCK,7199.000,2024-06-18
samsung-galaxya01core,samsung-galaxya01core,Galaxy A01 Core,https://www.samsungshop.tn/galaxy-a/1341-2142-samsung-galaxy-a01-core-prix-tunisie.html#/14-couleur-bleu,samsung,galaxy a01 core,,,,,samsungshop,INSTOCK,249.000,2024-06-18
samsung-galaxya21s4g,samsung-galaxya21s4g-128gb,Galaxy A21s 4G (128 Go),https://www.samsungshop.tn/galaxy-a/1290-2083-galaxy-a21s-tunisie.html#/8-couleur-blanc,samsung,galaxy a21s 4g,,128gb,,,samsungshop,INSTOCK,699.000,2024-06-18
samsung-galaxys10lite,samsung-galaxys10lite,Galaxy S10 Lite,https://www.samsungshop.tn/galaxy-s-prix-tunisie/1263-2036-galaxy-s10-lite-tunisie.html#/14-couleur-bleu,samsung,galaxy s10 lite,,,,,samsungshop,INSTOCK,2299.000,2024-06-18
samsung-galaxya71,samsung-galaxya71,Galaxy A71,https://www.samsungshop.tn/galaxy-a/1262-2033-samsung-galaxy-a71-prix-tunisie.html#/11-couleur-noir,samsung,galaxy a71,,,,,samsungshop,INSTOCK,1599.000,2024-06-18
samsung-galaxynote10lite,samsung-galaxynote10lite,Galaxy Note10 Lite,https://www.samsungshop.tn/galaxy-note/1260-2026-samsung-galaxy-note10-lite-tunisie.html#/11-couleur-noir,samsung,galaxy note10 lite,,,,,samsungshop,INSTOCK,1999.000,2024-06-18
samsung-galaxyzflip,samsung-galaxyzflip,Samsung Galaxy ZFlip,https://www.samsungshop.tn/galaxy-z-prix-tunisie/1256-2018-samsung-galaxy-zflip-tunisie.html#/49-couleur-midnight_black,samsung,galaxy zflip,,,,,samsungshop,INSTOCK,5199.000,2024-06-18
samsung-galaxya51,samsung-galaxya51,Galaxy A51,https://www.samsungshop.tn/galaxy-a/1240-1986-galaxy-a51-samsung-tunisie-prix.html#/11-couleur-noir,samsung,galaxy a51,,,,,samsungshop,INSTOCK,1139.000,2024-06-18
samsung-galaxynote10plus,samsung-galaxynote10plus,Samsung Galaxy Note10 plus,https://www.samsungshop.tn/galaxy-note/1190-1918-samsung-galaxy-note-10-plus.html#/8-couleur-blanc,samsung,galaxy note10 plus,,,,,samsungshop,INSTOCK,3499.000,2024-06-18
samsung-galaxynote10,samsung-galaxynote10,Samsung Galaxy Note10,https://www.samsungshop.tn/galaxy-note/1189-1915-samsung-galaxy-note-10.html#/8-couleur-blanc,samsung,galaxy note10,,,,,samsungshop,INSTOCK,3599.000,2024-06-18
samsung-galaxya80,samsung-galaxya80,Galaxy A80,https://www.samsungshop.tn/galaxy-a/1175-1900-samsung-a80-prix-tunisie.html#/11-couleur-noir,samsung,galaxy a80,,,,,samsungshop,INSTOCK,2339.100,2024-06-18
samsung-galaxya70,samsung-galaxya70,Galaxy A70,https://www.samsungshop.tn/galaxy-a/1134-1832-galaxy-a70.html#/11-couleur-noir,samsung,galaxy a70,,,,,samsungshop,INSTOCK,1599.000,2024-06-18
samsung-galaxys10e,samsung-galaxys10e,Samsung Galaxy S10E,https://www.samsungshop.tn/smartphone-samsung-galaxy/1131-1821-samsung-galaxy-s10e.html#/49-couleur-midnight_black,samsung,galaxy s10e,,,,,samsungshop,INSTOCK,1999.000,2024-06-18
samsung-galaxys10,samsung-galaxys10,Samsung Galaxy S10,https://www.samsungshop.tn/galaxy-s-prix-tunisie/1130-1818-samsung-galaxy-s10-tunisie.html#/14-couleur-bleu,samsung,galaxy s10,,,,,samsungshop,INSTOCK,2699.000,2024-06-18
samsung-galaxya30,samsung-galaxya30-4go,Galaxy A30 (4Go),https://www.samsungshop.tn/galaxy-a/1079-1740-samsung-galaxy-a30-tunisie.html#/11-couleur-noir,samsung,galaxy a30,4go,,,,samsungshop,INSTOCK,899.000,2024-06-18
samsung-galaxys10plus,samsung-galaxys10plus,Samsung Galaxy S10 PLUS,https://www.samsungshop.tn/galaxy-s-prix-tunisie/1077-1734-samsung-galaxy-s10-plus-tunisie.html#/8-couleur-blanc,samsung,galaxy s10 plus,,,,,samsungshop,INSTOCK,2999.000,2024-06-18
samsung-galaxys6edgeplus,samsung-galaxys6edgeplus,Samsung GALAXY S6 Edge Plus,https://www.samsungshop.tn/smartphone-samsung-galaxy/174-samsung-galaxy-s6-edge-plus.html,samsung,galaxy s6 edge plus,,,,,samsungshop,INSTOCK,2393.110,2024-06-18
